Time,Lon,Lat,Deg,Depth,Mag
2010-10-21T17:53:13.770000Z,-109.1744,24.7878,109.67805983691991,13.9,6.7
2010-11-03T11:18:17.330000Z,134.1064,-4.6494,93.29643893081806,24.6,6.0
2010-11-03T23:34:44.610000Z,-174.2158,-20.519,141.87406733012688,33.1,6.1
2010-11-10T04:05:25.140000Z,96.3646,-45.5992,98.33186140525723,15.3,6.5
2010-11-23T09:01:07.160000Z,148.978,-6.0155,105.40376185296395,73.0,6.1
2010-12-01T16:01:27.140000Z,-178.7687,-15.8273,135.52691862737538,15.0,6.0
2010-12-02T03:12:09.410000Z,149.9248,-6.1002,106.1703309580085,30.7,6.6
2010-12-08T05:24:35.150000Z,-25.64,-56.4318,113.44941876645345,29.0,6.3
2010-12-13T01:14:42.830000Z,155.6959,-6.5265,110.76539616069961,144.8,6.2
2010-12-15T11:29:30.930000Z,128.7939,-7.2664,91.01487027336009,140.4,6.0
2010-12-25T13:16:38.180000Z,167.9375,-19.8371,128.38554389207331,15.7,7.3
2010-12-28T08:34:17.100000Z,-179.7154,-23.4129,139.7134646644717,550.9,6.3
2010-12-29T06:54:22.310000Z,168.1477,-19.7784,128.50771789607663,34.9,6.3
2011-01-01T09:56:58.460000Z,-63.2373,-26.8513,119.55387704273203,584.3,7.0
2011-01-02T20:20:18.170000Z,-73.3993,-38.3907,132.649302785766,24.4,7.1
2011-01-05T06:46:15.380000Z,171.6835,-22.2946,132.6547209549868,123.2,6.1
2011-01-09T10:03:43.620000Z,168.3791,-19.2745,128.3756801687783,20.7,6.5
2011-01-09T17:21:53.960000Z,168.2203,-19.3639,128.31115498546632,30.0,6.2
2011-01-13T16:16:42.660000Z,168.5854,-20.6042,129.3316517134686,14.8,6.9
2011-01-13T16:43:10.750000Z,168.4717,-20.6703,129.28575861190043,29.7,6.0
2011-01-31T06:03:26.330000Z,-175.5367,-21.9987,141.88934582140092,69.3,6.0
2011-02-07T19:53:42.860000Z,155.3183,-7.0927,110.8570470329991,414.8,6.5
2011-02-11T20:05:28.880000Z,-73.1552,-36.4604,131.66128524055213,12.8,6.8
2011-02-11T23:39:21.240000Z,-73.4875,-37.2361,132.23396895714998,16.5,6.0
2011-02-12T01:17:00.710000Z,-73.1547,-37.0037,131.89459776670014,10.0,6.0
2011-02-12T17:57:56.170000Z,-175.5845,-20.8515,141.12189344619873,85.9,6.1
2011-02-14T03:40:09.250000Z,-73.1011,-35.4868,131.1937856959467,17.0,6.6
2011-02-21T10:57:51.760000Z,178.4765,-26.0435,139.88064703569088,551.8,6.5
2011-02-21T23:51:42.340000Z,172.713,-43.4935,142.68910492528695,4.8,6.1
2011-02-25T13:07:26.980000Z,-95.1708,17.8214,110.03066006030211,130.6,6.0
2011-03-06T12:31:58.500000Z,-69.5006,-18.2064,119.24471467745684,114.5,6.3
2011-03-06T14:32:36.940000Z,-27.0253,-56.3864,114.01831668337218,92.0,6.5
2011-03-06T14:32:42.100000Z,-26.68,-56.41,113.88336814400962,101.2,6.5
2011-03-07T00:09:38.150000Z,160.7456,-10.3299,117.01832323326438,44.1,6.4
2011-03-09T21:24:52.110000Z,149.7939,-6.1161,106.08241464293027,51.0,6.3
2011-03-17T02:48:01.880000Z,167.7566,-17.2434,126.6592376744083,27.5,6.2
2011-03-26T22:49:43.300000Z,-179.2249,-15.9229,135.27220483865392,22.0,6.0
2011-03-31T00:11:58.880000Z,-177.3915,-16.5479,136.98185876389493,19.4,6.4
2011-04-03T14:07:08.980000Z,-178.5336,-17.6066,136.89494286712554,547.2,6.4
2011-04-07T13:11:23.430000Z,-94.1439,17.2651,109.97964117049429,165.1,6.7
2011-04-18T13:03:04.360000Z,179.9433,-34.286,145.00372329576558,98.1,6.5
2011-04-23T04:16:55.310000Z,161.2473,-10.3584,117.40946096876328,85.6,6.8
2011-04-30T08:19:16.720000Z,-82.3594,6.8511,111.39653285089626,10.0,6.2
2011-05-10T08:55:12.500000Z,168.2754,-20.3347,128.93793495185804,33.4,6.8
2011-05-13T22:47:55.340000Z,-84.1889,10.1114,110.07374708062106,76.8,6.0
2011-05-15T18:37:10.890000Z,154.4323,-6.066,109.52063629756542,46.9,6.5
2011-06-01T12:55:21.010000Z,-73.8322,-37.5547,132.61664164867022,10.0,6.3
2011-06-05T11:51:13.630000Z,147.235,-55.8442,129.82247426573107,14.4,6.4
2011-06-13T02:20:50.320000Z,172.7842,-43.5042,142.74192968728386,8.7,6.0
2011-06-16T00:03:37.600000Z,151.2013,-5.8845,106.98672302618525,26.9,6.3
2011-06-20T16:36:00.870000Z,-68.3834,-21.771,120.51889282938359,126.2,6.5
2011-06-21T02:04:16.940000Z,165.4962,-11.4834,121.28809401642064,18.7,6.0
2011-06-24T06:33:05.010000Z,165.9752,-10.9263,121.27238699579944,49.8,6.1
2011-06-26T12:16:39.550000Z,136.6608,-2.3891,93.7525687394433,25.3,6.4
2011-07-06T19:03:20.470000Z,-176.2572,-29.3073,145.5672793159796,25.4,7.6
2011-07-09T15:02:29.100000Z,-176.9594,-29.2797,145.02685389011128,23.8,6.0
2011-07-15T13:26:02.850000Z,-23.6628,-60.9862,115.54754633090411,8.6,6.1
2011-07-16T00:26:12.360000Z,-72.1007,-33.8756,129.72424150850688,20.5,6.0
2011-07-20T22:05:00.620000Z,162.1389,-10.3075,118.03697349291703,30.8,6.0
2011-07-25T00:50:50.560000Z,150.7538,-3.1908,104.87785161519453,29.7,6.3
2011-07-26T17:44:21.510000Z,-109.5366,25.09,109.51568409199942,17.0,6.0
2011-07-29T07:42:22.560000Z,179.8252,-23.7284,139.56114962318418,522.8,6.7
2011-07-31T14:34:49.280000Z,171.6788,-17.0859,129.46861197357083,22.8,6.1
2011-07-31T23:38:58.090000Z,144.9654,-3.5147,100.75192707820175,19.6,6.6
2011-08-16T11:03:57.630000Z,128.0362,-2.3027,87.19087149054587,38.7,6.0
2011-08-19T03:54:26.500000Z,-176.8522,-16.5461,137.3558782380824,405.9,6.2
2011-08-20T16:55:04.090000Z,168.067,-18.2774,127.53187568475575,34.6,7.1
2011-08-20T17:13:06.480000Z,168.0913,-18.3179,127.57497206564368,31.5,6.5
2011-08-20T18:19:24.610000Z,168.2258,-18.3312,127.68361356379167,31.5,7.0
2011-08-24T17:46:11.560000Z,-74.538,-7.6203,116.26007153113372,149.3,7.0
2011-08-24T23:06:18.750000Z,167.6056,-18.2161,127.14938165531181,18.9,6.1
2011-08-30T06:57:41.540000Z,126.7502,-6.3592,88.89374564807483,467.2,6.9
2011-09-01T06:14:39.900000Z,166.6817,-12.4548,122.79828010583851,52.0,6.0
2011-09-02T13:47:10.700000Z,-63.136,-28.4135,120.33989455650692,592.7,6.7
2011-09-03T04:48:58.780000Z,-26.9231,-56.5611,114.08307587987909,96.3,6.4
2011-09-03T22:55:35.760000Z,169.778,-20.6279,130.2398421030059,136.6,7.0
2011-09-05T09:52:00.820000Z,-173.5514,-15.2459,138.69135264467394,34.6,6.2
2011-09-09T19:26:02.160000Z,164.231,-49.5923,138.33153190374682,15.0,6.0
2011-09-09T19:41:33.130000Z,-127.0648,49.3886,89.37517742275806,15.4,6.5
2011-09-15T07:53:23.440000Z,-178.8955,-35.1395,146.222279010252,42.0,6.0
2011-09-15T19:31:03.160000Z,-179.324,-21.593,138.8949421846694,629.0,7.3
2011-09-22T23:07:03.910000Z,-175.0799,-15.4477,137.80661101150264,12.7,6.4
2011-10-07T08:58:29.360000Z,-178.8015,-32.4215,145.14910562263537,41.7,6.1
2011-10-14T03:35:15.080000Z,147.9311,-6.6259,105.01341286509715,43.2,6.5
2011-10-18T05:05:06.650000Z,151.1049,-5.7682,106.83828964623628,29.8,6.0
2011-10-21T17:57:17.310000Z,-176.0332,-28.8809,145.5142930383213,34.8,7.4
2011-10-27T00:15:24.420000Z,-179.4302,-17.9419,136.48035526413153,606.0,6.0
2011-10-28T18:54:34.750000Z,-76.1207,-14.5572,121.9636494009208,29.0,7.0
2011-11-01T12:32:03.770000Z,-109.1734,19.8381,114.26065756954786,30.0,6.2
2011-11-07T22:35:25.320000Z,-85.7838,11.6918,109.82366487921598,177.2,6.0
2011-11-14T04:05:12.500000Z,126.8799,-0.953,85.43587731996176,24.4,6.4
2011-11-17T01:57:04.790000Z,-81.7057,-1.7479,117.30218456602165,19.6,6.0
2011-11-22T18:48:16.290000Z,-65.1634,-15.3083,114.19234804065836,560.3,6.6
2011-11-28T12:26:47.640000Z,153.801,-5.5101,108.68336157088218,43.2,6.1
2011-12-07T22:23:07.780000Z,-71.1344,-27.9324,126.02844585005838,13.8,6.1
2011-12-11T01:47:25.400000Z,-99.9298,17.9024,112.24375313799277,65.4,6.5
2011-12-11T09:54:56.480000Z,-28.2135,-56.049,114.33020854867328,130.6,6.3
2011-12-14T05:04:57.810000Z,146.814,-7.5278,104.7559069884618,128.5,7.1
2011-12-26T04:48:06.170000Z,-173.7235,-16.112,139.19485911277107,66.9,6.0
2012-01-09T04:07:15.020000Z,165.3084,-10.5892,120.55975436688652,33.3,6.4
2012-01-15T13:40:21.400000Z,-55.8579,-60.701,129.27538950606743,17.3,6.6
2012-01-15T14:21:34.410000Z,-56.0334,-60.8685,129.40332550007707,23.0,6.0
2012-01-21T18:47:13.480000Z,-93.1422,14.933,111.40363761598573,63.5,6.2
2012-01-22T05:53:43.130000Z,-25.2293,-56.9317,113.59351909108518,18.7,6.0
2012-01-23T16:04:53.300000Z,-73.1816,-36.4552,131.67820039007213,23.5,6.1
2012-01-24T00:52:04.760000Z,178.5999,-24.8986,139.32963958439652,579.0,6.3
2012-01-30T05:10:59.460000Z,-75.6584,-14.2139,121.40045093895645,34.2,6.4
2012-02-02T13:34:41.010000Z,167.1814,-17.7532,126.54668389039712,27.3,7.0
2012-02-03T03:46:23.550000Z,167.3213,-17.421,126.44516813994525,24.7,6.1
2012-02-05T00:15:40.050000Z,168.9728,-18.9862,128.64365956813475,158.8,6.1
2012-02-05T16:40:41.110000Z,167.2275,-17.9957,126.73093210992164,19.5,6.0
2012-02-10T01:47:33.110000Z,-178.4364,-18.012,137.23375386740878,577.4,6.0
2012-02-14T08:19:57.460000Z,161.1898,-10.371,117.37502754193729,69.3,6.4
2012-02-26T05:21:24.980000Z,-177.2244,-24.6232,142.2631286985069,17.2,6.0
2012-03-03T12:19:55.730000Z,170.3882,-22.1221,131.58205444649434,17.4,6.6
2012-03-05T07:46:09.330000Z,-63.2916,-28.2579,120.36969976935772,551.9,6.1
2012-03-09T07:09:53.320000Z,169.7495,-19.2236,129.36876010845114,33.7,6.6
2012-03-14T21:13:10.250000Z,151.0915,-5.5834,106.7070883758333,46.6,6.2
2012-03-20T17:56:19.060000Z,140.263,-3.8333,97.41394442416711,69.2,6.3
2012-03-20T18:02:47.620000Z,-98.3694,16.4734,112.7517307588612,19.4,7.5
2012-03-21T22:15:05.590000Z,146.0083,-6.2233,103.30314040150394,117.7,6.6
2012-03-25T22:37:06.560000Z,-72.1268,-35.2035,130.35534977344912,28.2,7.1
2012-03-26T18:12:53.010000Z,-104.1936,10.0652,121.07219941617115,10.0,6.0
2012-04-02T17:36:42.500000Z,-98.4615,16.3729,112.88257006983609,16.3,6.1
2012-04-06T16:15:56.200000Z,153.5746,-4.4789,107.83246260119273,93.4,6.1
2012-04-11T22:41:46.780000Z,-127.629,43.5513,95.21645695777569,16.4,6.0
2012-04-11T22:55:10.820000Z,-102.8762,18.2042,113.28236903411215,27.6,6.7
2012-04-12T07:06:01.370000Z,-113.0595,28.8579,107.02439441167427,17.0,6.1
2012-04-12T07:15:49.170000Z,-113.127,28.8386,107.06096239604254,10.0,7.0
2012-04-14T10:56:18.310000Z,-65.3721,-57.5759,133.31138775808978,8.4,6.2
2012-04-14T22:05:26.550000Z,168.7653,-18.9878,128.48961545762134,11.4,6.3
2012-04-17T03:50:15.280000Z,-71.5641,-32.6374,128.73943343253703,29.7,6.7
2012-04-17T07:13:49.880000Z,147.125,-5.5336,103.69577707875787,208.2,6.9
2012-04-17T19:03:57.120000Z,-16.8077,-59.1876,111.79526571397642,13.6,6.2
2012-04-21T01:16:53.670000Z,134.3225,-1.6946,91.53351820732878,24.4,6.7
2012-04-21T01:25:14.110000Z,134.2387,-1.6998,91.47362029808811,24.0,6.0
2012-04-23T17:36:21.120000Z,-177.3408,-28.6015,144.39005570744803,113.8,6.0
2012-04-28T10:08:07.220000Z,-174.6864,-18.7293,140.35015067237032,132.5,6.7
2012-05-01T22:43:35.030000Z,-93.0427,14.4544,111.74731018914213,28.7,6.0
2012-05-14T10:00:39.800000Z,-69.7926,-17.7968,119.21676844873141,108.7,6.3
2012-05-18T02:00:43.710000Z,-80.4601,-44.6403,139.7410670108988,35.0,6.3
2012-05-23T22:59:54.180000Z,139.5911,-50.4928,123.60322814717547,19.1,6.0
2012-05-28T05:07:23.520000Z,-63.1134,-28.021,120.10844428899759,591.1,6.7
2012-06-02T07:52:54.600000Z,-63.6574,-22.1017,117.15465946147586,539.4,6.0
2012-06-04T00:45:16.380000Z,-82.6322,5.2944,112.74467887460627,15.0,6.3
2012-06-04T03:15:24.590000Z,-82.5631,5.4503,112.58251075288366,9.5,6.3
2012-06-07T04:05:04.070000Z,-70.8547,-36.0516,129.81315537220246,5.8,6.0
2012-06-07T16:03:18.520000Z,-72.4723,-15.9117,120.07907233501943,106.7,6.2
2012-07-03T10:36:15.890000Z,173.66,-40.06,142.40700633541675,239.0,6.3
2012-07-06T02:28:22.550000Z,167.3043,-14.6567,124.68584743026364,164.8,6.4
2012-07-25T11:20:27.880000Z,159.8561,-9.669,115.92524400936577,23.7,6.5
2012-07-28T20:03:59.070000Z,153.1678,-4.654,107.64569075413647,58.8,6.5
2012-08-02T09:38:31.250000Z,-74.2726,-8.454,116.62118070422878,148.8,6.0
2012-08-02T09:56:43.210000Z,153.3404,-4.6627,107.77997265864585,61.1,6.1
2012-08-19T22:41:50.220000Z,144.6464,-4.8489,101.38260689190541,80.2,6.2
2012-08-27T04:37:19.650000Z,-88.6604,12.1318,111.18313802355104,16.0,7.3
2012-09-05T13:09:10.400000Z,166.5032,-12.5373,122.72083998642746,27.0,6.0
2012-09-05T14:42:07.730000Z,-85.3884,10.0242,110.88367469996052,20.7,7.6
2012-09-08T10:51:45.590000Z,135.0978,-3.2181,93.11236210607066,32.3,6.1
2012-09-25T23:45:24.370000Z,-110.1836,24.7742,110.01805174241247,8.1,6.3
2012-09-30T16:31:34.070000Z,-76.3716,1.9079,110.98055678312117,155.2,7.2
2012-10-08T06:26:23.590000Z,-109.6135,25.0882,109.54228137262334,17.0,6.0
2012-10-08T11:43:34.100000Z,129.2347,-4.5414,89.55902815105796,29.6,6.2
2012-10-09T12:32:08.820000Z,153.9333,-60.6414,134.29868742211636,12.1,6.6
2012-10-12T00:31:31.370000Z,134.0822,-4.8858,93.4321114561915,34.6,6.6
2012-10-20T23:00:32.930000Z,166.6105,-13.573,123.47399088780182,43.5,6.2
2012-10-24T00:45:33.800000Z,-85.3716,10.0745,110.83424570485343,22.3,6.4
2012-10-28T03:04:07.790000Z,-132.1724,52.6777,86.37648767291337,7.4,7.8
2012-10-28T18:54:20.230000Z,-132.6591,52.5384,86.53046551864665,5.1,6.4
2012-10-30T02:49:01.320000Z,-132.1115,52.145,86.9068268050969,9.5,6.2
2012-11-07T16:35:49.310000Z,-92.0669,14.0318,111.56727834146194,38.7,7.4
2012-11-08T02:01:49.700000Z,-128.5411,49.1261,89.74229145891607,11.0,6.2
2012-11-10T14:57:50.210000Z,-75.0884,-8.9367,117.54265471883265,128.6,6.0
2012-11-11T22:14:59.050000Z,-92.3318,14.0705,111.68001807310272,18.6,6.4
2012-11-13T04:31:30.980000Z,-77.0841,-45.669,137.71043835064089,35.0,6.0
2012-11-14T19:02:05.690000Z,-71.3863,-29.1789,126.87157883782838,61.5,6.2
2012-11-15T09:20:21.450000Z,-100.5249,18.1995,112.25408727739185,57.9,6.1
2012-11-19T09:44:35.480000Z,151.6402,-5.7528,107.22906620609561,22.9,6.0
2012-11-29T11:10:25.720000Z,145.7396,-3.592,101.38496571083368,25.0,6.0
2012-12-02T00:54:23.210000Z,167.6748,-17.0957,126.50607846213819,40.0,6.1
2012-12-07T18:19:07.880000Z,176.0726,-38.3574,143.6265680798718,171.0,6.3
2012-12-10T16:53:09.490000Z,129.8684,-6.4969,91.31470889360143,161.5,7.1
2012-12-14T10:36:01.840000Z,-119.6273,31.1122,106.3781024947016,15.8,6.4
2012-12-15T19:30:03.140000Z,153.0768,-4.6402,107.56878009424597,58.5,6.1
2012-12-21T22:28:08.080000Z,167.2778,-14.3591,124.47492021203657,198.1,6.7
2013-01-30T20:15:43.390000Z,-70.8883,-28.1096,125.93824214387261,46.1,6.8
2013-01-30T23:03:47.710000Z,166.4759,-10.6598,121.46227986948314,36.0,6.1
2013-01-31T03:33:45.270000Z,166.5421,-10.6377,121.49599529106808,22.2,6.1
2013-02-01T05:36:42.100000Z,165.4883,-11.1624,121.07084379344293,14.8,6.0
2013-02-01T22:16:37.420000Z,165.4374,-11.0263,120.94360400733937,30.0,6.4
2013-02-01T22:18:36.330000Z,165.4699,-11.1551,121.05249865144951,30.0,6.3
2013-02-06T00:07:21.730000Z,165.3291,-10.7807,120.70171518145442,7.5,6.0
2013-02-06T01:12:26.380000Z,165.1418,-10.864,120.61910374486872,23.8,7.9
2013-02-06T01:23:23.580000Z,164.93,-11.2569,120.72213702174889,34.0,7.1
2013-02-06T01:54:15.040000Z,165.8168,-10.5087,120.87926422947403,9.9,7.0
2013-02-06T06:35:22.030000Z,164.6145,-10.8605,120.22874475751665,29.0,6.1
2013-02-06T11:53:54.820000Z,165.8721,-11.2312,121.39832401708263,15.0,6.1
2013-02-07T00:30:12.810000Z,165.0307,-11.7566,121.12433908269664,25.3,6.0
2013-02-07T18:59:16.580000Z,165.7077,-11.0207,121.13850745473876,13.7,6.7
2013-02-08T11:12:13.280000Z,166.0088,-10.8703,121.25992932627292,12.7,6.8
2013-02-08T15:26:38.770000Z,166.1453,-10.8933,121.37525164244715,22.4,7.0
2013-02-09T14:16:06.960000Z,-77.462,1.0345,112.36388430690695,144.2,7.0
2013-02-09T21:02:22.690000Z,165.8868,-10.9577,121.2283189179247,17.9,6.6
2013-02-10T18:39:36.130000Z,165.5442,-10.9733,120.98707891377613,35.7,6.0
2013-02-22T12:01:58.670000Z,-63.1349,-27.9052,120.0607505322529,585.6,6.1
2013-03-10T22:51:51.130000Z,148.2433,-6.6966,105.29441285209067,28.9,6.5
2013-03-19T03:29:02.700000Z,-24.5697,-58.9815,114.62754721592704,52.0,6.0
2013-03-24T08:13:45.160000Z,173.4536,-20.8706,133.12977579873538,11.7,6.0
2013-03-25T23:02:12.520000Z,-90.4772,14.5905,110.2330627234904,193.7,6.2
2013-04-06T04:42:36.190000Z,138.4743,-3.4714,95.82750336729515,69.4,7.0
2013-04-13T22:49:49.200000Z,169.6524,-19.103,129.2225129923406,269.3,6.0
2013-04-14T01:32:24.640000Z,154.6407,-6.5017,109.96304939349913,47.1,6.5
2013-04-16T22:55:27.360000Z,142.5671,-3.2237,98.75513460657761,16.3,6.6
2013-04-20T04:51:12.270000Z,130.2233,-6.2786,91.43792874858762,113.9,6.0
2013-04-22T01:16:32.560000Z,-102.1983,18.0412,113.13462375045529,31.5,6.1
2013-04-23T23:14:43.060000Z,152.2033,-3.8359,106.38553762985377,24.4,6.5
2013-04-26T06:53:28.910000Z,-178.8979,-28.7301,143.28931834380703,355.4,6.2
2013-05-11T20:46:57.260000Z,-175.1186,-17.9392,139.5130078564982,210.3,6.3
2013-05-14T00:32:26.430000Z,145.2903,18.7672,86.14906248714887,611.7,6.8
2013-05-20T09:49:08.210000Z,-80.7244,-45.0062,140.01624348194525,35.0,6.3
2013-05-23T17:19:04.840000Z,-177.2133,-23.0783,141.34638119401168,177.7,7.4
2013-05-23T21:07:46.050000Z,-175.7552,-20.6244,140.85340479642886,151.6,6.3
2013-06-05T04:47:27.260000Z,166.3017,-11.4032,121.82736316799708,53.6,6.0
2013-06-15T11:20:37.660000Z,179.4859,-33.9023,144.499123783369,210.0,6.0
2013-06-15T17:34:29.170000Z,-87.0457,11.7418,110.54161808778856,41.4,6.4
2013-07-04T17:15:57.680000Z,155.7104,-7.0042,111.09106073825743,55.2,6.0
2013-07-07T18:35:31.380000Z,153.9277,-4.0134,107.78568152981987,387.1,7.3
2013-07-07T20:30:07.380000Z,149.7262,-6.036,105.97927774518303,65.9,6.6
2013-07-15T14:03:41.730000Z,-25.2274,-61.0527,116.18314069967067,19.9,7.3
2013-07-17T02:37:43.740000Z,-71.7458,-15.6661,119.37970297204413,13.0,6.0
2013-07-21T05:09:32.170000Z,174.3589,-41.6856,143.39113818163764,16.3,6.5
2013-07-22T07:01:41.750000Z,34.8615,-46.0946,87.24078671256491,3.2,6.3
2013-07-24T03:32:34.430000Z,-177.1534,-23.1593,141.43937302492185,168.0,6.0
2013-07-26T07:07:17.330000Z,167.6206,-15.3205,125.34491547778782,141.0,6.1
2013-07-26T21:33:00.060000Z,-24.28,-58.0352,113.90619460422813,17.0,6.3
2013-08-01T20:01:42.990000Z,-173.4982,-15.2651,138.74067402626693,29.0,6.0
2013-08-12T00:53:44.440000Z,129.7914,-7.1167,91.66254827710345,104.8,6.1
2013-08-12T04:16:47.810000Z,-179.6421,-30.6243,143.67651649809073,341.4,6.2
2013-08-12T09:49:31.920000Z,-81.979,-5.4117,120.10271504855868,12.8,6.2
2013-08-13T15:43:15.910000Z,-78.1251,5.718,109.43331149032586,18.6,6.6
2013-08-16T02:31:09.200000Z,174.0796,-41.7685,143.2129397156316,13.8,6.5
2013-08-21T12:38:29.510000Z,-99.5188,16.8572,112.96401107855905,18.9,6.2
2013-08-28T02:54:41.470000Z,179.7461,-27.7888,141.77826004603685,485.1,6.2
2013-09-01T11:52:32.120000Z,128.2569,-7.5393,90.79312299687707,135.2,6.5
2013-09-03T20:19:06.670000Z,-130.4234,51.0979,87.88421367772536,2.5,6.1
2013-09-04T00:23:10.920000Z,-130.2671,51.1711,87.80363836068301,10.0,6.0
2013-09-07T00:13:29.910000Z,-92.0911,14.6678,111.05700896813222,74.1,6.4
2013-09-11T12:44:14.520000Z,-104.8068,-4.591,133.99497515444645,13.0,6.0
2013-09-25T16:42:43.180000Z,-74.6012,-15.9001,121.67154309114046,38.2,7.0
2013-09-30T05:55:54.870000Z,-178.2538,-30.8752,144.84427163888114,37.8,6.4
2013-10-04T17:26:14.250000Z,78.5007,-38.707,85.57550397995735,11.0,6.4
2013-10-06T16:38:10.390000Z,141.7102,12.2738,87.89721756652087,118.4,6.0
2013-10-06T21:33:19.710000Z,-97.6029,-36.6341,149.8711463281538,12.0,6.2
2013-10-11T21:24:59.360000Z,-178.4264,-30.729,144.64383091756565,152.9,6.2
2013-10-12T02:10:28.910000Z,-62.3025,10.8358,94.79449353592392,82.1,6.0
2013-10-16T10:31:00.990000Z,154.9648,-6.4787,110.18948670412048,58.0,6.8
2013-10-19T17:54:57.220000Z,-110.3639,25.9612,108.96647231885403,15.0,6.6
2013-10-23T08:23:29.510000Z,-177.0404,-22.9722,141.4075267484108,157.7,6.0
2013-10-24T19:25:10.300000Z,-12.8022,-58.2594,109.68221136218997,10.0,6.6
2013-10-29T10:37:56.300000Z,154.8294,-61.7154,134.85463620624802,10.0,6.0
2013-10-30T02:51:49.440000Z,-73.1515,-35.4018,131.1926616295137,11.9,6.3
2013-10-31T23:03:58.620000Z,-71.5019,-30.3139,127.54070935000112,19.8,6.5
2013-11-02T18:53:47.930000Z,-172.6354,-19.3532,142.1934718321172,19.3,6.2
2013-11-13T23:45:48.200000Z,-47.2872,-60.3091,125.14733139062066,10.0,6.0
2013-11-16T03:34:34.790000Z,-47.199,-60.3079,125.10634880419941,24.0,6.9
2013-11-17T09:04:56.260000Z,-46.5876,-60.3783,124.8534276652585,7.9,7.8
2013-11-19T17:00:45.010000Z,145.165,18.4629,86.26455220387385,531.1,6.0
2013-11-23T07:48:32.020000Z,-176.5188,-17.1613,138.00907740179753,370.1,6.5
2013-11-25T06:27:34.680000Z,-54.9648,-53.9716,126.66794183258723,10.0,6.9
2013-12-01T01:24:15.720000Z,128.4151,-7.0288,90.576154945813,25.9,6.5
2013-12-17T23:38:08.860000Z,146.7654,20.736,85.85432478186812,22.7,6.2
2014-01-01T16:03:29.770000Z,167.2723,-13.8767,124.1594573024823,194.8,6.5
2014-01-13T04:01:04.530000Z,-66.8685,18.9922,92.29489447390186,30.9,6.3
2014-01-20T02:52:45.560000Z,175.7893,-40.6371,144.13187465563524,32.9,6.3
2014-01-21T01:29:11.890000Z,-175.0125,-15.2955,137.7444041623375,10.0,6.2
2014-02-01T03:58:45.070000Z,-27.3456,-56.9339,114.49704314800987,142.9,6.2
2014-02-02T09:26:36.630000Z,-177.9203,-32.9594,146.0533448696659,32.6,6.4
2014-02-07T08:40:13.500000Z,167.4164,-15.0764,125.03770528562724,124.6,6.5
2014-02-18T09:27:14.830000Z,-58.9719,14.596,89.86395079305548,28.3,6.5
2014-03-02T09:37:54.760000Z,-87.704,12.5888,110.25943217896013,70.4,6.2
2014-03-02T22:17:17.210000Z,-92.9925,14.244,111.8945690048223,33.1,6.0
2014-03-05T09:56:58.660000Z,169.8319,-14.835,126.66562998571575,648.0,6.4
2014-03-10T05:18:13.590000Z,-125.0869,40.7235,97.77267285434029,6.1,6.9
2014-03-10T17:33:29.920000Z,147.942,-5.538,104.31334862781947,269.4,6.0
2014-03-11T02:44:06.280000Z,-20.1181,-60.8439,114.1413564210827,10.0,6.4
2014-03-11T22:03:12.450000Z,148.6003,-3.1902,103.26801754493675,16.3,6.1
2014-03-15T08:59:20.160000Z,-76.352,-14.1014,121.84596487725337,10.0,6.1
2014-03-15T23:51:32.300000Z,-80.9351,-5.6717,119.54789417752129,26.5,6.3
2014-03-16T21:16:28.980000Z,-70.6156,-19.9051,121.10610076303304,9.4,6.7
2014-03-17T05:11:33.400000Z,-70.8284,-20.06,121.35884770964962,5.3,6.4
2014-03-22T12:59:57.000000Z,-70.9441,-19.8225,121.3050906049985,4.4,6.2
2014-03-23T18:20:01.190000Z,-70.7814,-19.7033,121.11121759790804,13.9,6.2
2014-03-26T03:29:36.050000Z,179.2589,-26.1642,140.53264722341623,495.6,6.4
2014-03-27T03:49:44.480000Z,166.6228,-12.1378,122.54705175347272,109.7,6.0
2014-04-01T23:46:47.380000Z,-70.7877,-19.6193,121.06589671925157,17.1,8.1
2014-04-01T23:57:56.540000Z,-71.0177,-19.962,121.44363438788952,10.8,7.0
2014-04-02T16:13:26.700000Z,-82.3332,7.851,110.62477625699087,24.6,6.0
2014-04-03T01:58:29.040000Z,-70.5007,-20.3644,121.29167334427244,10.6,6.6
2014-04-03T02:43:14.260000Z,-70.4905,-20.5887,121.41645658064017,12.0,7.7
2014-04-03T05:26:13.640000Z,-70.5408,-20.7493,121.54909658070926,13.0,6.5
2014-04-04T01:37:51.480000Z,-70.5337,-20.6075,121.4601740738035,19.3,6.2
2014-04-04T11:40:33.190000Z,161.5607,-10.4868,117.72596194668297,71.0,6.0
2014-04-10T23:27:45.030000Z,-86.3301,12.4342,109.56855355231463,12.6,6.1
2014-04-11T00:01:43.940000Z,-70.6616,-20.6954,121.60858928381568,10.4,6.1
2014-04-11T07:07:22.810000Z,155.0329,-6.6064,110.32435340559105,57.8,7.1
2014-04-11T08:16:49.270000Z,155.0053,-6.8257,110.44810707684576,45.5,6.5
2014-04-11T20:29:13.610000Z,-86.014,11.7198,109.94065415934429,142.3,6.6
2014-04-12T05:24:27.280000Z,155.2626,-7.1283,110.8389046223139,47.5,6.1
2014-04-12T20:14:38.580000Z,162.1387,-11.2581,118.65825594944728,15.3,7.6
2014-04-13T12:36:19.050000Z,161.9601,-11.4669,118.6614163123356,34.2,7.4
2014-04-13T13:25:04.760000Z,161.9657,-11.1251,118.44319335858175,36.0,6.6
2014-04-15T03:57:01.840000Z,8.7098,-53.609,99.11470201460378,10.0,6.8
2014-04-17T15:06:50.220000Z,156.0262,-62.8759,135.50658927279235,10.0,6.2
2014-04-18T04:13:13.530000Z,164.8414,-11.1795,120.60594655937332,21.4,6.1
2014-04-18T14:27:24.690000Z,-100.9938,17.3211,113.23594269062768,24.4,7.3
2014-04-19T01:04:04.680000Z,155.1035,-6.6474,110.40396707917593,40.0,6.6
2014-04-19T13:28:00.720000Z,154.992,-6.708,110.36075442735473,39.8,7.5
2014-04-20T00:15:59.560000Z,155.367,-7.0867,110.88941440369527,32.5,6.2
2014-04-24T03:10:11.720000Z,-127.6525,49.6483,89.1614177224527,9.8,6.6
2014-04-26T06:02:20.200000Z,-174.6481,-20.7344,141.71026780735184,39.4,6.1
2014-05-01T06:36:36.820000Z,170.3099,-21.4381,131.1207351480075,116.4,6.6
2014-05-04T09:15:52.240000Z,179.0407,-24.7338,139.56369199346034,522.8,6.6
2014-05-04T09:25:15.290000Z,178.2219,-25.9072,139.61456971661426,627.3,6.4
2014-05-06T20:52:28.220000Z,-96.9872,-36.376,149.31605421856486,10.0,6.2
2014-05-07T04:20:39.080000Z,154.9469,-7.0145,110.52865049774793,41.0,6.0
2014-05-08T17:00:15.920000Z,-100.8113,17.1486,113.30474003548606,24.9,6.5
2014-05-09T10:32:19.740000Z,-175.5746,-18.935,139.8680264869698,172.3,6.0
2014-05-10T07:36:00.600000Z,-100.9323,17.0579,113.43907955964411,23.3,6.1
2014-05-13T06:35:24.530000Z,-82.24,7.1451,111.0975358620274,13.1,6.5
2014-05-14T20:56:16.330000Z,144.9367,6.3681,94.19282613802429,27.2,6.2
2014-05-15T08:16:36.160000Z,144.9597,6.3995,94.18885640373848,16.7,6.3
2014-05-31T11:53:46.850000Z,-107.4923,18.6938,114.69857146303606,10.0,6.2
2014-06-19T10:17:58.030000Z,166.8302,-13.6006,123.65418514078165,59.6,6.2
2014-06-23T19:19:17.290000Z,-177.5306,-30.0038,144.9632327396141,20.8,6.9
2014-06-23T19:21:48.380000Z,-177.4626,-30.1376,145.08075185827565,26.5,6.5
2014-06-23T20:06:19.900000Z,-177.401,-29.9857,145.05168179045884,19.6,6.7
2014-06-29T07:52:56.840000Z,-28.3956,-55.4757,114.05858037746009,15.1,6.8
2014-06-29T14:32:49.770000Z,-28.224,-55.4186,113.94643424267275,11.9,6.0
2014-06-29T15:52:28.450000Z,-175.5143,-15.1011,137.2663643237343,26.0,6.4
2014-06-29T17:15:12.130000Z,-175.458,-15.2351,137.3994774374409,26.0,6.6
2014-07-02T05:53:29.200000Z,155.1868,-62.3014,135.0770110093838,10.0,6.1
2014-07-02T05:53:34.200000Z,154.99,-62.31,134.98629973586128,12.0,6.0
2014-07-03T19:50:07.290000Z,-176.4451,-30.4601,146.00488087894914,35.0,6.4
2014-07-03T19:50:10.300000Z,-176.3,-30.35,146.05980408447738,49.1,6.3
2014-07-04T15:00:27.860000Z,152.8075,-6.2304,108.41581233655619,20.0,6.4
2014-07-07T11:23:54.780000Z,-92.4614,14.724,111.21124391498444,53.0,6.9
2014-07-08T12:56:25.920000Z,168.3982,-17.6864,127.41322369941139,110.2,6.2
2014-07-08T12:56:30.900000Z,168.3,-17.79,127.40437191719612,114.6,6.2
2014-07-19T12:27:10.040000Z,-174.4517,-15.8239,138.49865122840586,227.3,6.3
2014-07-19T12:27:16.000000Z,-174.18,-15.64,138.55162991338966,233.8,6.2
2014-07-21T14:54:41.000000Z,-178.4001,-19.8015,138.43088067133277,615.4,6.9
2014-07-29T10:46:13.600000Z,-95.501,17.81,110.20524998806646,99.0,6.4
2014-07-29T13:27:40.080000Z,146.769,-3.422,102.04715657717615,9.8,6.1
2014-07-29T13:27:47.100000Z,146.72,-3.34,101.95655308095476,12.0,6.0
2014-08-03T00:22:01.730000Z,146.1113,0.8323,98.74795304003469,0.0,6.8
2014-08-06T11:45:22.680000Z,128.0364,-7.2741,90.45456603901354,10.0,6.2
2014-08-06T11:45:28.700000Z,127.92,-7.13,90.27310019108558,19.5,6.2
2014-08-23T22:32:23.320000Z,-71.4416,-32.6953,128.6770756174758,32.0,6.4
2014-08-24T10:20:45.600000Z,-122.086,38.201,99.8700372541703,13.0,6.1
2014-08-24T23:21:41.700000Z,-73.535,-14.52,120.00601004022258,70.0,6.8
2014-08-24T23:21:43.400000Z,-73.45,-14.589,119.98579898251752,74.4,6.8
2014-09-04T05:33:49.040000Z,-173.1919,-21.5167,143.2484870706329,32.4,6.0
2014-09-06T19:22:57.390000Z,-107.101,18.778,114.47357267615908,10.0,6.1
2014-09-17T06:14:46.220000Z,144.4725,13.819,88.87606545795757,142.2,6.8
2014-09-24T11:16:13.260000Z,-66.5888,-23.7849,120.32928424424183,204.5,6.2
2014-09-25T09:13:52.720000Z,156.3501,-9.4478,113.16673222116188,19.7,6.1
2014-10-01T03:38:53.300000Z,149.5619,-6.0426,105.86018665996271,57.9,6.0
2014-10-08T02:40:52.930000Z,-108.5064,23.7886,110.37958130796835,7.1,6.1
2014-10-14T03:51:37.110000Z,-88.072,12.5893,110.4745314520073,63.9,7.3
2014-10-28T03:15:38.030000Z,-174.6758,-15.411,138.0541656666639,1.6,6.0
2014-11-01T18:57:22.350000Z,-177.8334,-19.8023,138.8376779982661,435.3,7.1
2014-11-02T17:17:04.560000Z,154.2845,-61.261,134.54562390594575,10.0,6.0
2014-11-03T08:48:29.700000Z,80.0437,-41.824,88.8900656938874,7.4,6.3
2014-11-07T03:33:55.020000Z,148.263,-6.027,104.87360592520508,53.4,6.6
2014-11-13T10:24:18.390000Z,173.1229,-15.2636,129.35240423664058,10.7,6.0
2014-11-16T22:33:23.380000Z,179.6109,-37.5989,146.00082301703983,34.5,6.7
2014-11-17T16:52:47.640000Z,33.7019,-46.4072,87.65153004652961,12.2,6.2
2014-12-06T17:21:49.020000Z,-82.7339,7.9824,110.78281021557433,15.0,6.0
2014-12-06T22:05:10.730000Z,130.4829,-6.11,91.52242446232938,116.0,6.0
2014-12-07T01:22:02.180000Z,154.4603,-6.5108,109.83449542718381,23.0,6.6
2014-12-07T21:16:31.980000Z,-90.9751,13.9741,111.01256238184786,0.0,6.0
2014-12-08T08:54:52.520000Z,-82.6865,7.9401,110.78447846241664,20.0,6.6
2014-12-26T23:52:15.160000Z,-82.3463,6.5189,111.6381704012913,10.0,6.0
2014-12-26T23:52:30.900000Z,-82.291,7.958,110.51667379342028,35.2,6.0
2014-12-30T21:17:22.000000Z,-178.576,-20.295,138.62090509204498,588.0,6.0
2015-01-07T05:07:06.240000Z,-82.6574,6.1087,112.1492611928522,7.9,6.5
2015-01-23T03:47:27.530000Z,168.5545,-17.064,127.14103328631916,223.9,6.8
2015-01-28T02:43:19.570000Z,-178.3597,-20.9998,139.22438359834823,485.7,6.2
2015-01-30T17:57:59.180000Z,170.1818,-21.396,130.9997707584886,16.8,6.0
2015-02-02T08:25:51.300000Z,145.3149,-1.5827,99.7469725140666,34.0,6.0
2015-02-02T10:49:48.440000Z,-67.1501,-32.6484,125.50317355554954,172.7,6.3
2015-02-11T18:57:20.460000Z,-66.6621,-23.0653,119.97184854523715,203.6,6.7
2015-02-16T22:00:54.320000Z,-28.2292,-55.5186,114.0105016072424,18.1,6.3
2015-02-18T09:32:29.960000Z,164.1384,-10.7948,119.83461086867544,29.0,6.1
2015-02-19T13:18:33.120000Z,168.2083,-16.4423,126.49274151990228,13.4,6.4
2015-02-22T14:23:13.660000Z,-106.9433,18.5597,114.61226513759186,10.0,6.2
2015-02-27T13:45:05.640000Z,122.4906,-7.358,86.39825856385211,559.1,7.0
2015-03-06T08:22:20.090000Z,80.6147,-41.3165,88.63025597495586,13.1,6.0
2015-03-10T20:55:44.520000Z,-73.0377,6.7968,105.17447534101626,162.0,6.2
2015-03-18T18:27:28.660000Z,-73.689,-36.1112,131.89775646145847,9.7,6.1
2015-03-22T05:46:22.290000Z,-178.3919,-17.9137,137.19998283561145,615.9,6.1
2015-03-23T04:51:37.830000Z,-69.1883,-18.3544,119.0983595607241,127.1,6.4
2015-03-29T23:48:31.000000Z,152.5778,-4.7758,107.28649726463345,41.3,7.5
2015-03-30T07:56:52.730000Z,-172.9783,-15.4713,139.23558921812761,5.9,6.0
2015-03-30T08:18:01.980000Z,-172.905,-15.4394,139.26131565422136,15.2,6.3
2015-03-30T08:48:26.120000Z,-172.9139,-15.5745,139.35280988992147,15.8,6.4
2015-03-31T12:18:25.170000Z,152.5135,-4.9263,107.33789449273695,48.5,6.0
2015-04-07T00:46:21.160000Z,-173.3351,-15.3365,138.90085365828782,31.2,6.3
2015-04-17T15:52:53.280000Z,-178.4403,-16.0488,135.90813914095432,12.6,6.5
2015-04-22T22:57:16.900000Z,166.4836,-12.0844,122.40961876822382,84.3,6.2
2015-04-24T03:36:42.210000Z,173.108,-42.1047,142.60821891267574,50.8,6.0
2015-04-24T13:56:15.600000Z,-130.8588,51.642,87.36115584143602,6.4,6.2
2015-04-28T16:39:39.480000Z,-178.5801,-20.8766,138.98717194377215,584.1,6.1
2015-04-30T10:45:05.250000Z,151.8023,-5.3537,107.08818942297493,54.7,6.6
2015-05-01T08:06:05.600000Z,151.7512,-5.1981,106.94763171441086,63.6,6.7
2015-05-01T08:06:53.710000Z,151.7835,-5.396,107.10194277409286,45.0,6.0
2015-05-05T01:44:04.220000Z,151.8641,-5.5168,107.24162612954329,29.6,7.5
2015-05-07T07:10:23.020000Z,154.5554,-7.3019,110.42492632543122,30.4,7.0
2015-05-20T00:30:52.530000Z,-175.4708,-19.3863,140.24186780773218,198.6,6.0
2015-05-20T22:48:54.650000Z,164.1741,-10.9253,119.9468032652772,18.5,6.8
2015-05-22T21:45:20.190000Z,163.5935,-11.1336,119.65476146734633,19.6,7.0
2015-05-22T23:59:33.410000Z,163.2121,-11.1646,119.39291705333451,8.3,6.9
2015-05-24T14:39:00.470000Z,-175.936,-19.4781,139.97484154086288,15.1,6.3
2015-05-30T17:18:39.190000Z,-173.4612,-15.7607,139.1208988728858,37.9,6.0
2015-06-10T13:52:08.660000Z,-68.4519,-22.4098,120.9413879523976,121.8,6.1
2015-06-12T11:07:06.880000Z,-172.9521,-15.6082,139.35164582122258,43.1,6.0
2015-06-16T06:17:00.060000Z,-178.9194,-20.3973,138.43820022258876,656.1,6.0
2015-06-17T12:51:35.660000Z,-17.809,-35.3709,94.8752658488998,27.1,6.9
2015-06-20T02:10:07.650000Z,-73.6674,-36.3349,131.97917869839867,17.4,6.4
2015-06-21T21:28:16.290000Z,-178.3692,-20.4655,138.87873303938483,570.9,6.0
2015-06-30T03:39:28.010000Z,151.5991,-5.3924,106.96164862384184,44.0,6.0
2015-07-10T04:12:42.920000Z,158.3424,-9.3539,114.59288984139461,20.0,6.7
2015-07-16T15:16:32.980000Z,-58.5702,13.8008,90.11290415567449,19.4,6.5
2015-07-18T02:27:32.760000Z,165.1009,-10.4574,120.32006875366147,11.8,6.9
2015-07-27T21:41:20.760000Z,138.5428,-2.7134,95.38537535105442,47.8,7.0
2015-08-06T23:59:44.760000Z,-178.3155,-26.6318,142.60137029335502,272.3,6.0
2015-08-10T04:12:14.660000Z,158.0265,-9.2843,114.31203162915686,20.0,6.6
2015-08-12T18:49:24.420000Z,157.821,-9.3071,114.17370755868019,11.3,6.5
2015-08-15T07:47:07.590000Z,163.8328,-10.9382,119.70340259174469,19.2,6.4
2015-08-24T09:41:25.740000Z,-179.0971,-30.6497,144.09985496060872,224.5,6.0
2015-09-07T08:46:09.050000Z,179.1278,-24.2427,139.34517760402778,535.0,6.0
2015-09-07T09:13:56.600000Z,-177.8599,-32.8199,146.03762302719784,17.0,6.3
2015-09-13T08:14:08.560000Z,-109.6226,24.913,109.70826985770286,10.0,6.7
2015-09-16T14:03:22.110000Z,151.4768,-6.0114,107.27625802611543,6.0,6.1
2015-09-16T22:54:32.860000Z,-71.6744,-31.5729,128.30010161714824,22.44,8.3
2015-09-16T22:59:15.000000Z,-71.745,-31.618,128.3747289666306,26.7,6.4
2015-09-16T23:03:56.560000Z,-71.7425,-31.7502,128.4381037966554,19.1,6.1
2015-09-16T23:16:09.440000Z,-71.9189,-31.6,128.49475652175965,35.0,6.1
2015-09-16T23:18:41.850000Z,-71.4262,-31.5622,128.11087107416992,28.41,7.0
2015-09-17T01:41:05.870000Z,-71.6504,-31.1043,128.04931175505058,42.32,6.4
2015-09-17T03:55:15.430000Z,-71.6876,-31.4244,128.236307125402,27.0,6.5
2015-09-17T04:10:27.000000Z,-71.81,-31.52,128.37445718909052,23.0,6.8
2015-09-17T04:10:27.780000Z,-71.804,-31.5173,128.36867152283415,23.0,6.7
2015-09-18T09:10:44.730000Z,-72.2292,-32.3681,129.10038189484825,8.0,6.2
2015-09-19T05:06:47.500000Z,-72.077,-29.6411,127.62588994018425,6.0,6.1
2015-09-19T12:52:20.000000Z,-72.07,-32.33,128.96414810890462,18.0,6.2
2015-09-19T12:52:20.920000Z,-72.0629,-32.3335,128.9605968595649,18.0,6.2
2015-09-21T05:39:34.000000Z,-71.74,-31.58,128.3522398441008,30.0,6.1
2015-09-21T05:39:34.910000Z,-71.7431,-31.5757,128.35241148268088,30.0,6.1
2015-09-21T17:40:00.060000Z,-71.3792,-31.7275,128.15784760117705,35.0,6.6
2015-09-22T07:13:00.000000Z,-71.26,-31.44,127.9270600424394,58.0,6.1
2015-09-22T07:13:00.520000Z,-71.2653,-31.4441,127.93302617396643,58.0,6.0
2015-09-24T15:53:27.000000Z,131.26,-0.62,88.51960833392425,18.0,6.6
2015-09-24T15:53:27.740000Z,131.2622,-0.6212,88.52205280711146,18.0,6.6
2015-09-26T02:51:18.830000Z,-71.3217,-30.8148,127.66001481475922,46.0,6.3
2015-09-28T15:28:05.000000Z,-66.6,-23.8,120.34631602056871,219.0,6.0
2015-10-18T16:18:35.520000Z,-173.2608,-16.2018,139.57011530030027,12.0,6.0
2015-10-20T21:52:02.560000Z,167.3028,-14.8595,124.81476383131833,135.0,7.1
2015-10-23T01:40:06.320000Z,6.1653,-54.2258,100.34858331395733,11.0,6.2
2015-10-23T04:04:18.000000Z,37.17,-45.81,86.7926467131685,10.0,6.0
2015-10-23T04:04:18.140000Z,37.1711,-45.8146,86.79715983366287,10.0,6.0
2015-11-04T03:44:15.190000Z,124.8754,-8.3381,88.80909561059951,20.0,6.5
2015-11-07T07:04:31.380000Z,-72.3015,-29.4642,127.70265352598884,13.0,6.2
2015-11-07T07:31:43.870000Z,-71.4519,-30.8796,127.78931683307209,46.0,6.8
2015-11-11T01:54:38.570000Z,-72.0068,-29.5067,127.50439621080439,12.0,6.9
2015-11-11T02:46:19.830000Z,-72.0585,-29.5097,127.54454832117327,10.0,6.9
2015-11-18T18:31:04.570000Z,158.4217,-8.8994,114.3545374751478,12.59,6.8
2015-11-21T09:06:13.460000Z,129.9375,-7.1484,91.7926178864738,82.0,6.1
2015-11-24T13:21:35.730000Z,145.2659,18.7787,86.12423707764111,586.88,6.0
2015-11-24T22:45:38.880000Z,-70.9437,-10.5372,115.51839254865473,606.21,7.6
2015-11-24T22:50:54.370000Z,-71.0184,-10.0598,115.2641536852739,620.56,7.6
2015-11-26T05:45:18.400000Z,-71.2574,-9.1825,114.86951530988279,602.75,6.7
2015-11-27T21:00:22.920000Z,-70.6009,-24.828,123.93548700055729,34.0,6.2
2015-12-04T22:25:00.110000Z,85.0913,-47.6165,95.68873609387049,35.0,7.1
2015-12-09T10:21:48.530000Z,129.5079,-4.1064,89.47932634690751,21.0,6.9
2015-12-09T12:58:01.780000Z,175.2475,-16.7374,131.85837459068938,10.0,6.1
2015-12-17T19:49:53.050000Z,-93.6294,15.8009,110.93901607212756,85.0,6.6
2015-12-19T02:10:53.360000Z,169.3857,-18.3819,128.5800833290157,10.0,6.0
2016-01-01T02:00:39.950000Z,139.4489,-50.5575,123.5492233063754,10.0,6.3
2016-01-14T03:25:28.270000Z,-63.3288,-19.7597,115.52082716137768,582.56,6.1
2016-01-21T18:06:57.690000Z,-106.9344,18.8288,114.36374988969384,10.0,6.6
2016-01-31T17:39:00.280000Z,169.1522,-63.2868,141.43634940908535,10.0,6.0
2016-02-01T19:00:46.260000Z,-179.9563,-30.7636,143.50651003075257,391.0,6.2
2016-02-08T16:19:13.090000Z,154.7073,-6.6214,110.09148915696014,31.62,6.4
2016-02-10T00:33:05.340000Z,-71.5838,-30.5723,127.73253943363592,29.0,6.3
2016-02-12T10:02:24.050000Z,119.4013,-9.6338,85.66973196631055,28.0,6.3
2016-02-17T17:26:02.320000Z,129.0729,0.8451,85.91173584065024,10.0,6.0
2016-02-27T21:29:43.570000Z,139.5956,-51.7897,124.15560137218058,10.0,6.1
2016-03-19T11:26:33.230000Z,-60.7019,17.996,88.77862970692988,26.0,6.0
2016-04-01T19:24:55.370000Z,144.887,-3.3585,100.59072399563618,6.0,6.2
2016-04-03T08:23:52.320000Z,166.8551,-14.3235,124.13923026405867,26.0,6.9
2016-04-06T06:58:48.210000Z,166.6245,-14.0683,123.80425875916983,24.0,6.7
2016-04-07T03:32:53.500000Z,166.5943,-13.9805,123.7253184776557,27.59,6.7
2016-04-14T21:50:27.680000Z,166.4334,-14.5284,123.95827510295204,16.0,6.4
2016-04-15T14:11:26.430000Z,-92.367,13.4008,112.2505246370202,22.41,6.1
2016-04-16T23:58:36.980000Z,-79.9218,0.3819,114.53686766934013,20.59,7.8
2016-04-19T05:25:39.940000Z,-27.2307,-55.7283,113.69711566170064,14.0,6.2
2016-04-20T08:33:47.330000Z,-80.2104,0.639,114.54971644687924,14.0,6.2
2016-04-20T08:35:10.620000Z,-80.0352,0.7079,114.3795082932943,10.0,6.0
2016-04-22T03:03:41.720000Z,-80.5039,-0.2921,115.42417011003232,10.0,6.0
2016-04-25T07:07:08.600000Z,-93.1509,14.479,111.78496067606159,16.0,6.0
2016-04-27T12:51:19.440000Z,-93.0882,14.5178,111.71918114703946,16.0,6.0
2016-04-28T19:33:24.070000Z,167.3786,-16.0429,125.62400801240996,24.0,7.0
2016-04-29T01:33:38.910000Z,-103.7363,10.2752,120.6771266278789,10.0,6.6
2016-05-18T07:57:02.650000Z,-79.7899,0.4261,114.4140686519215,16.0,6.7
2016-05-18T16:46:43.860000Z,-79.616,0.4947,114.24467557672797,29.95,6.9
2016-05-20T18:14:04.670000Z,129.8841,-25.5655,103.63067111943556,10.0,6.0
2016-05-27T04:08:43.950000Z,-178.6481,-20.8101,138.89596633823314,567.48,6.4
2016-05-28T05:38:50.550000Z,-178.2038,-21.9724,139.94563482779787,405.69,6.9
2016-05-28T09:46:59.780000Z,-26.9353,-56.2409,113.8882530714513,78.0,7.2
2016-06-05T16:25:33.540000Z,125.6264,-4.587,86.88688243958582,429.62,6.3
2016-06-06T02:35:32.390000Z,-177.8359,-30.0235,144.74337272644428,43.83,6.1
2016-06-07T10:51:37.720000Z,-105.1731,18.3637,114.09368325182784,10.0,6.3
2016-06-10T03:25:22.920000Z,-86.9633,12.8318,109.63043168793914,10.0,6.1
2016-06-10T04:17:44.840000Z,160.559,-8.6757,115.79313620972621,30.4,6.2
2016-06-14T13:49:22.630000Z,168.8279,-18.7609,128.39739189689524,111.0,6.2
2016-06-19T09:47:23.600000Z,169.0737,-20.2793,129.50321764366888,13.0,6.3
2016-06-20T03:50:55.240000Z,168.7595,-20.2072,129.22446315858124,15.0,6.0
2016-06-21T17:12:07.370000Z,151.8796,-3.4199,105.86868333040533,354.0,6.3
2016-06-30T11:30:33.050000Z,167.4701,-16.0558,125.70017176306851,27.0,6.0
2016-07-10T13:44:40.680000Z,-173.2011,-15.083,138.80712483625703,8.0,6.0
2016-07-11T02:11:04.800000Z,-79.638,0.5812,114.19751419122996,21.0,6.3
2016-07-13T12:11:12.830000Z,-176.443,-28.0052,144.74511238521467,12.0,6.3
2016-07-20T15:13:16.520000Z,169.0547,-18.9285,128.66949768266636,167.0,6.1
2016-07-25T17:26:50.220000Z,-70.5074,-26.1049,124.57164870364228,72.0,6.1
2016-07-25T19:38:45.560000Z,148.0345,-2.969,102.6985749092337,14.0,6.4
2016-07-29T21:18:26.510000Z,145.541,18.5439,86.47459878990286,207.62,7.7
2016-08-04T14:15:13.090000Z,-66.0261,-22.3087,119.05575715704339,270.0,6.2
2016-08-12T01:26:36.290000Z,173.1108,-22.4778,133.83087345152438,16.44,7.2
2016-08-12T03:29:32.850000Z,-177.3437,-25.1679,142.49301399948303,114.09,6.2
2016-08-19T07:32:22.730000Z,-31.874,-55.2793,115.5277987234831,10.0,7.4
2016-08-21T03:45:23.740000Z,-31.7546,-55.2775,115.47136824718109,10.0,6.4
2016-08-23T19:39:44.660000Z,122.4255,-7.2805,86.29861059294981,532.4,6.0
2016-08-31T03:11:36.060000Z,152.7879,-3.6914,106.72477342373064,499.06,6.7
2016-09-01T16:37:57.300000Z,179.1461,-37.3586,145.5711434321379,19.0,7.0
2016-09-01T17:14:06.060000Z,178.9291,-37.0522,145.30149559103188,13.73,6.1
2016-09-08T21:46:20.100000Z,158.7126,-54.6136,135.92325606626216,10.0,6.1
2016-09-10T10:08:20.020000Z,-76.9536,-5.573,116.63137754793495,121.0,6.1
2016-09-14T01:58:31.570000Z,-76.1686,7.3736,106.90290814258603,18.0,6.0
2016-09-14T07:25:00.070000Z,159.1673,-9.329,115.19059091909091,14.0,6.0
2016-09-17T01:20:17.940000Z,140.5718,-2.0829,96.50537984012986,9.0,6.0
2016-09-24T21:07:15.790000Z,-174.984,-18.1706,139.76414575552135,202.0,6.4
2016-09-24T21:28:41.700000Z,-178.2443,-19.7819,138.53004669471656,596.4,6.9
2016-10-15T08:03:38.140000Z,150.3605,-4.2701,105.29671127388951,442.0,6.3
2016-10-17T06:14:58.370000Z,148.8617,-6.0526,105.34052975270271,35.0,6.9
2016-10-26T05:19:50.510000Z,-174.8724,-15.54,138.01265534172592,10.0,6.1
2016-11-04T16:20:43.940000Z,-70.9964,-35.1033,129.48576299404866,90.79,6.4
2016-11-13T11:02:59.070000Z,173.0647,-42.7245,142.74296292028401,22.0,7.8
2016-11-13T11:32:08.970000Z,173.6075,-42.2377,143.00150461661877,24.0,6.5
2016-11-13T11:52:45.010000Z,173.6227,-42.1762,142.99589371220867,13.99,6.1
2016-11-13T13:31:26.290000Z,173.6997,-42.2972,143.08329084803816,6.29,6.2
2016-11-14T00:34:22.610000Z,173.2543,-42.6058,142.84686089609096,9.0,6.5
2016-11-20T20:57:43.980000Z,-68.7645,-31.6428,126.18444811256629,115.79,6.4
2016-11-24T18:43:48.830000Z,-88.8355,11.9597,111.42275825016962,10.34,7.0
2016-12-01T22:40:26.340000Z,-70.8228,-15.2943,118.4533442583133,10.0,6.2
2016-12-05T01:13:04.880000Z,123.3802,-7.3158,87.02611835586467,526.0,6.3
2016-12-08T14:49:46.730000Z,-126.1528,40.4753,98.1311893430323,12.08,6.5
2016-12-08T17:38:46.380000Z,161.3298,-10.676,117.67819884813507,41.0,7.8
2016-12-08T21:56:07.500000Z,161.3137,-10.8416,117.77423574549417,12.26,6.5
2016-12-09T19:10:07.070000Z,161.1227,-10.748,117.57131426623631,21.06,6.9
2016-12-10T16:24:36.560000Z,154.4882,-5.6598,109.29411077327384,157.05,6.1
2016-12-17T10:51:10.500000Z,153.5216,-4.5049,107.8102762404191,94.54,7.9
2016-12-17T11:27:38.940000Z,153.9975,-5.6497,108.92195573016437,26.5,6.3
2016-12-18T05:46:25.270000Z,161.1952,-10.2273,117.28502091596587,39.11,6.0
2016-12-18T09:47:04.940000Z,137.6672,8.3489,87.48815974545207,12.43,6.2
2016-12-18T13:30:11.430000Z,-70.9698,-9.9661,115.1669405785111,622.53,6.4
2016-12-20T04:21:28.590000Z,161.2183,-10.2254,117.3009144784816,11.33,6.4
2016-12-21T00:17:14.990000Z,127.9206,-7.5082,90.5219870980038,152.0,6.7
2016-12-24T01:32:16.040000Z,153.5754,-5.2453,108.3403539752079,35.0,6.0
2016-12-25T14:22:27.030000Z,-73.9403,-43.4053,134.88703169654477,38.0,7.6
2017-01-02T13:14:02.830000Z,179.2383,-23.2513,138.8451727247717,551.62,6.3
2017-01-03T21:52:30.700000Z,176.058,-19.3542,134.12125692307967,12.0,6.9
2017-01-10T15:27:15.130000Z,161.0304,-10.1255,117.0961012599405,28.65,6.3
2017-01-19T23:04:21.130000Z,161.318,-10.3433,117.45204254825471,36.0,6.5
2017-01-22T04:30:22.990000Z,155.1442,-6.2145,110.14885367199778,135.0,7.9
2017-02-18T12:10:17.970000Z,-66.6592,-23.8613,120.42575253732475,222.0,6.3
2017-02-21T14:09:04.320000Z,-63.9047,-19.2814,115.6679279117509,595.98,6.5
2017-02-24T17:28:44.870000Z,-178.8033,-23.2601,140.29314727128937,414.89,6.9
2017-03-04T02:58:20.280000Z,155.748,-7.3277,111.33183899253312,17.0,6.1
2017-03-05T22:47:53.970000Z,149.3619,-5.9945,105.6785488810841,37.0,6.3
2017-03-19T15:43:25.690000Z,160.7536,-8.1364,115.57978945432485,8.37,6.0
2017-04-15T08:19:43.400000Z,-67.7655,-23.2706,120.91988433748922,155.0,6.2
2017-04-18T17:11:47.030000Z,-178.3718,-18.0851,137.32811167182606,628.0,6.0
2017-04-23T02:36:07.840000Z,-72.0063,-33.0361,129.25738090350634,21.0,6.0
2017-04-24T21:38:30.840000Z,-72.0452,-33.0291,129.28271513755163,28.0,6.9
2017-05-09T13:52:10.990000Z,167.3767,-14.5884,124.69556838421596,169.0,6.8
2017-05-10T23:23:37.270000Z,-25.7827,-56.4277,113.50796616280812,17.39,6.5
2017-05-12T10:41:26.380000Z,-90.0562,12.9108,111.36003445968585,10.0,6.2
2017-05-15T13:22:38.580000Z,152.4893,-4.0217,106.72165649187335,10.0,6.2
2017-06-14T07:29:05.630000Z,-91.9882,14.9823,110.74204182312724,94.0,6.9
2017-06-15T00:26:17.550000Z,-178.0541,-30.5139,144.8201722193775,34.0,6.0
2017-06-17T22:26:01.990000Z,179.6059,-24.0934,139.61290277601645,511.0,6.1
2017-06-22T12:31:04.490000Z,-90.9488,13.7527,111.17856715726157,46.82,6.8
2017-06-25T17:42:30.040000Z,-176.4629,-19.6664,139.72587858931064,38.27,6.2
2017-06-28T18:20:55.450000Z,-177.6618,-30.3103,145.01601356097225,19.0,6.0
2017-06-29T07:03:12.020000Z,179.9269,-31.106,143.58162933491363,414.61,6.0
2017-06-30T22:29:45.110000Z,-80.4935,-0.2882,115.41418811993465,13.0,6.0
2017-07-11T07:00:01.210000Z,164.0251,-49.4802,138.177506378726,10.0,6.6
2017-07-13T03:36:08.810000Z,153.1958,-4.7722,107.74476019249717,34.78,6.4
2017-07-18T02:05:19.870000Z,-73.6296,-16.4206,121.26518261552295,44.92,6.4
2017-08-19T02:00:52.550000Z,-178.8406,-17.9609,136.91278327577544,544.0,6.4
2017-08-27T04:17:51.010000Z,148.0803,-1.4513,101.7307583641153,8.0,6.3
2017-09-04T08:07:35.380000Z,-25.5783,-57.7886,114.28352139413897,35.0,6.0
2017-09-08T04:49:20.000000Z,-93.9067,15.0356,111.72351157896112,56.67,8.1
2017-09-19T18:14:38.430000Z,-98.4808,18.5678,110.99460664612269,51.0,7.1
2017-09-20T01:43:30.060000Z,162.5497,-50.371,137.42750721163625,10.0,6.1
2017-09-20T20:09:49.610000Z,169.0946,-18.7854,128.61152982028162,197.0,6.4
2017-09-23T12:53:02.420000Z,-94.9509,16.7732,110.80580620957114,9.62,6.1
2017-09-26T04:20:00.760000Z,-176.9366,-23.7135,141.9330377799843,98.07,6.4
2017-10-08T14:04:38.500000Z,-175.5659,-18.9903,139.9111139648281,10.0,6.1
2017-10-08T20:48:58.720000Z,154.5526,-61.7431,134.72658810256252,10.0,6.3
2017-10-10T06:32:20.800000Z,-69.6411,-18.5212,119.5410693408634,82.43,6.3
2017-10-10T18:53:27.840000Z,8.6055,-54.2584,99.72517588449863,9.0,6.7
2017-10-18T12:00:59.080000Z,-173.8022,-20.5914,142.2125640504263,10.0,6.1
2017-10-24T10:47:47.540000Z,123.0401,-7.2364,86.72227484058685,549.19,6.7
2017-10-31T00:42:06.550000Z,169.209,-21.6645,130.42805259454323,9.1,6.8
2017-10-31T11:50:50.410000Z,127.7655,-3.7404,87.93094574647007,18.47,6.1
2017-11-01T00:09:29.950000Z,168.9362,-21.7305,130.26183016890036,10.0,6.1
2017-11-01T02:23:55.810000Z,168.8879,-21.6689,130.18935765385692,9.93,6.6
2017-11-01T05:09:00.630000Z,168.9185,-21.7928,130.2850714334548,10.0,6.0
2017-11-04T09:00:19.420000Z,-173.1682,-15.3197,138.99992578199465,10.0,6.8
2017-11-07T21:26:38.480000Z,143.4846,-4.2433,100.11209047597588,110.57,6.5
2017-11-13T02:28:23.680000Z,-84.4865,9.5147,110.71938054530644,19.36,6.5
2017-11-19T09:25:47.020000Z,168.6995,-21.654,130.03899381769247,4.0,6.3
2017-11-19T15:09:03.420000Z,168.5743,-21.5112,129.8609271039368,16.51,6.6
2017-11-19T22:43:29.230000Z,168.683,-21.3337,129.8379916064114,10.0,7.0
2017-11-20T00:09:23.670000Z,168.8229,-21.5115,130.0479359721026,10.0,6.0
2017-11-20T18:51:07.310000Z,-175.0735,-14.7255,137.29725340173653,6.0,6.0
2017-11-27T07:11:11.430000Z,153.2342,-4.5778,107.64468687768151,52.0,6.0
2017-12-01T02:49:59.150000Z,147.6287,-6.1131,104.45232412795778,39.53,6.0
2017-12-03T11:19:05.260000Z,-80.3107,-0.4895,115.4330028870379,16.0,6.2
2017-12-08T00:22:54.200000Z,140.2197,10.1164,88.22431899985855,12.79,6.4
2017-12-08T09:51:10.300000Z,140.1315,10.009,88.229809200798,20.27,6.4
2017-12-09T15:14:24.770000Z,140.2016,10.0928,88.2264764003106,10.0,6.1
2017-12-13T18:03:42.790000Z,2.1681,-54.2177,101.49361643839507,10.0,6.5
2018-01-10T02:51:31.860000Z,-83.5193,17.4743,103.93999020196544,10.0,7.5
2018-01-14T09:18:45.540000Z,-74.7095,-15.7589,121.66463206763203,39.0,7.1
2018-01-19T16:17:42.570000Z,-111.107,26.6795,108.5213093091623,10.0,6.3
2018-01-21T01:06:42.890000Z,-69.4564,-18.8524,119.6010593304125,116.0,6.3
2018-01-26T22:47:57.760000Z,145.8477,-3.5138,101.41504238793563,10.0,6.3
2018-01-28T16:03:03.970000Z,9.6842,-53.0623,98.36819393105989,10.0,6.6
2018-02-01T11:05:50.540000Z,-177.3954,-16.645,137.0455203750272,10.0,6.0
2018-02-02T11:37:53.320000Z,-175.635,-65.8111,146.83182900876605,10.0,6.0
2018-02-11T23:14:15.080000Z,146.4377,13.8205,90.2859140493997,10.0,6.0
2018-02-16T23:39:39.700000Z,-97.9789,16.3887,112.63640581454217,25.98,7.2
2018-02-25T17:44:44.070000Z,142.7703,-6.0529,100.74928491111048,24.43,7.5
2018-02-26T08:26:59.340000Z,143.2706,-6.4274,101.36968144146236,23.64,6.0
2018-02-26T13:34:53.750000Z,126.7272,-2.7629,86.50968154883405,9.91,6.1
2018-02-26T15:18:00.280000Z,143.255,-6.5052,101.40827828932017,19.0,6.3
2018-02-27T17:29:22.580000Z,150.7793,-60.2494,132.6951619259783,10.0,6.1
2018-02-28T02:45:45.450000Z,142.4795,-6.1673,100.60383106526649,16.0,6.1
2018-03-04T19:56:17.880000Z,142.594,-6.3327,100.79743725776899,10.0,6.0
2018-03-06T14:13:06.020000Z,142.6127,-6.2933,100.78604150086755,10.0,6.7
2018-03-08T17:39:51.130000Z,153.1874,-4.3853,107.48232400500457,22.53,6.8
2018-03-24T11:23:32.050000Z,151.4971,-5.4959,106.95332305203841,33.0,6.3
2018-03-24T19:58:33.380000Z,96.0692,-45.7783,98.34897845534329,10.0,6.0
2018-03-25T20:14:47.710000Z,129.8138,-6.6247,91.35742611957619,169.0,6.4
2018-03-26T09:51:00.700000Z,151.396,-5.4617,106.85519992439629,39.97,6.6
2018-03-29T21:25:36.860000Z,151.5068,-5.4954,106.9602537976104,35.0,6.9
2018-04-02T05:57:31.830000Z,-176.6055,-24.8965,142.87842418092976,83.52,6.1
2018-04-02T13:40:34.840000Z,-63.0058,-20.6588,115.81399825769321,559.0,6.8
2018-04-07T05:48:39.950000Z,142.5282,-5.8411,100.42915967932622,17.59,6.3
2018-04-10T10:19:34.030000Z,-71.5566,-30.9862,127.92056748807231,76.08,6.2
2018-05-04T22:32:54.370000Z,-154.9975,19.3127,117.27107181213705,2.06,6.9
2018-05-09T07:57:55.250000Z,151.7962,-5.8916,107.43689922073357,10.0,6.0
2018-05-18T01:45:31.300000Z,-178.4141,-34.5893,146.36655964844965,10.0,6.1
2018-06-21T21:13:32.650000Z,168.0564,-17.7964,127.22667794967276,28.0,6.1
2018-07-07T21:33:49.630000Z,-178.0715,-30.5668,144.83278898316576,35.0,6.0
2018-07-13T09:46:49.640000Z,169.0224,-18.9332,128.64825692243974,169.16,6.4
2018-07-17T07:02:53.020000Z,166.432,-11.5936,122.04868229517984,37.96,6.0
2018-07-19T18:30:32.710000Z,148.7302,-6.1139,105.28161612109399,29.62,6.0
2018-07-28T17:07:23.370000Z,122.7474,-7.1221,86.43023310756067,577.48,6.0
2018-08-14T03:29:53.440000Z,-25.2588,-58.1107,114.35502582289122,35.0,6.1
2018-08-17T23:22:24.900000Z,-83.1531,8.7694,110.45175911139994,15.0,6.1
2018-08-19T00:19:40.670000Z,-178.1536,-18.1125,137.50105233839207,600.0,8.2
2018-08-19T00:23:06.180000Z,-177.6404,-18.4447,138.08521353755415,575.76,6.3
2018-08-19T04:28:58.700000Z,-178.0332,-16.9783,136.8255697663276,415.6,6.8
2018-08-21T21:31:47.540000Z,-62.907,10.7791,95.26480076742344,146.18,7.3
2018-08-21T22:32:26.850000Z,168.1307,-16.0248,126.17108881917349,11.14,6.5
2018-08-22T09:31:47.050000Z,-127.6031,43.6449,95.12140955824333,10.0,6.2
2018-08-24T09:04:06.780000Z,-70.8169,-11.0424,115.75041770204982,609.48,7.1
2018-08-28T07:08:11.270000Z,124.1187,-10.8859,89.9429985499712,14.0,6.2
2018-08-28T22:35:13.410000Z,146.8395,16.8044,88.55791239176119,55.0,6.4
2018-08-29T03:51:56.940000Z,170.0502,-22.0663,131.29560303836487,26.68,7.1
2018-09-06T15:49:14.420000Z,179.3555,-18.4952,135.97188712337893,617.87,7.9
2018-09-07T02:12:04.350000Z,-78.8955,-2.3453,115.76895937235436,93.53,6.2
2018-09-09T19:31:35.090000Z,161.5025,-10.0207,117.37743678963803,68.0,6.5
2018-09-10T04:19:02.630000Z,-179.3728,-31.7447,144.40926613581695,115.0,6.9
2018-09-10T19:31:37.420000Z,170.1584,-21.988,131.33098723307208,12.0,6.3
2018-09-16T21:11:48.820000Z,178.2059,-25.421,139.33115436324525,576.0,6.5
2018-09-30T10:52:24.240000Z,-178.0788,-18.3465,137.70931290696726,564.13,6.7
2018-10-01T23:59:42.730000Z,120.2417,-10.5574,86.9016879823191,29.0,6.0
2018-10-10T20:45:26.530000Z,151.3241,-5.7498,106.99042234174777,53.14,6.1
2018-10-10T20:48:20.750000Z,151.2197,-5.7078,106.88469095119149,45.05,7.0
2018-10-10T22:00:34.500000Z,151.7231,-4.9624,106.77146672512386,121.0,6.2
2018-10-16T00:28:12.710000Z,169.4899,-21.9362,130.79853897934404,10.0,6.3
2018-10-16T01:03:43.090000Z,169.4867,-21.726,130.6728038977036,10.0,6.4
2018-10-22T05:39:40.330000Z,-129.4783,49.2496,89.67716592836557,10.96,6.6
2018-10-22T06:16:28.160000Z,-129.2135,49.3468,89.56479219307842,10.0,6.8
2018-10-22T06:22:48.810000Z,-129.6725,49.3142,89.6238241191661,10.0,6.5
2018-10-28T22:23:54.080000Z,-90.3848,12.9489,111.51551252357696,24.69,6.1
2018-10-29T06:54:21.440000Z,-66.4086,-57.4045,133.82774069767916,10.0,6.3
2018-10-30T02:13:39.550000Z,174.9766,-39.0541,143.04913387024652,227.28,6.1
2018-11-01T22:19:51.540000Z,-69.2923,-19.5882,119.91783860473775,102.0,6.2
2018-11-10T08:33:21.140000Z,-174.0081,-20.4538,141.97714483078522,35.0,6.1
2018-11-15T20:02:22.920000Z,-25.546,-56.7065,113.58415773936719,15.0,6.4
2018-11-16T03:26:55.400000Z,163.1581,-10.5489,118.94929219558517,8.84,6.1
2018-11-18T20:25:46.590000Z,-178.9273,-17.8735,136.79322085146939,540.0,6.8
2018-11-25T03:40:50.810000Z,-81.0931,13.1817,105.78594022070207,10.0,6.0
2018-12-01T13:27:21.080000Z,128.7065,-7.3841,91.02677564003737,136.0,6.4
2018-12-05T04:14:36.470000Z,169.3156,-21.9814,130.69401239210416,10.0,6.0
2018-12-05T04:18:08.400000Z,169.4179,-21.9568,130.75649882380407,10.0,7.5
2018-12-05T06:43:04.120000Z,169.6677,-22.0502,130.99885437113932,10.0,6.6
2018-12-11T02:26:32.730000Z,-26.4656,-58.5981,115.1561769873507,164.66,7.1
2018-12-16T09:42:37.200000Z,140.2323,-3.9226,97.44889773159693,61.97,6.1
2018-12-22T14:25:01.220000Z,166.8116,-13.394,123.50646135984455,42.0,6.0
2018-12-23T23:08:43.340000Z,-175.0923,-20.2873,141.10364789865787,113.0,6.4
2019-01-05T19:25:38.580000Z,-71.5834,-8.1486,114.43167795240392,571.18,6.8
2019-01-15T18:06:34.290000Z,166.8787,-13.3312,123.5151918649367,35.0,6.6
2019-01-17T15:06:35.640000Z,146.3564,-3.2525,101.62606095505397,10.0,6.2
2019-01-18T13:18:32.330000Z,168.6329,-19.2079,128.52499594037786,45.06,6.0
2019-01-20T01:32:51.850000Z,-71.4202,-30.071,127.35618761952782,54.82,6.7
2019-01-21T23:59:22.600000Z,119.1472,-10.3113,85.94462229551472,16.77,6.0
2019-01-22T05:10:03.670000Z,119.0309,-10.4663,85.96579633595445,27.01,6.4
2019-01-26T03:51:38.430000Z,156.3109,-7.0194,111.54811699661748,361.92,6.2
2019-01-26T19:56:44.070000Z,-178.9592,-21.0475,138.82007068393995,588.0,6.2
2019-02-01T16:14:13.090000Z,-92.2981,14.7628,111.09092774415043,67.93,6.6
2019-02-12T12:34:16.500000Z,145.7965,19.02,86.33447952193524,144.32,6.0
2019-02-17T14:35:55.840000Z,152.1319,-3.3412,106.00426063177827,368.12,6.4
2019-02-22T10:17:22.410000Z,-77.0231,-2.199,114.34207294816895,132.36,7.5
2019-03-01T08:50:42.620000Z,-70.135,-14.7016,117.56526319325609,267.0,7.0
2019-03-06T15:46:14.900000Z,-177.8845,-32.0238,145.66127852212725,29.0,6.4
2019-03-10T08:12:26.420000Z,-178.5889,-17.8512,137.01872424345265,578.68,6.2
2019-03-10T12:48:03.690000Z,152.0549,-10.1395,110.38849536629031,30.0,6.1
2019-03-15T05:03:50.060000Z,-65.9072,-17.8744,116.3294214939439,359.0,6.3
2019-03-20T15:23:58.680000Z,167.6551,-15.5965,125.54629804046907,119.0,6.3
2019-03-23T19:21:18.010000Z,-76.2231,4.5629,108.97506321560999,122.0,6.1
2019-03-30T11:20:42.559000Z,151.1053,-5.7003,106.79408201729555,41.0,6.2
2019-03-31T07:04:04.800000Z,-80.8089,-1.944,116.82192518335498,18.0,6.2
2019-04-05T16:14:16.754000Z,-27.856,-55.9206,114.09292520201491,58.6,6.4
2019-04-06T21:55:01.624000Z,125.014,-6.8492,87.92586115813094,539.0,6.3
2019-04-09T17:53:59.096000Z,-25.2559,-58.6064,114.66685984681965,44.83,6.5
2019-04-18T14:46:01.901000Z,139.4904,-51.0555,123.78629689704675,10.0,6.5
2019-04-22T14:49:05.376000Z,-27.3509,-56.2633,114.08347642496882,79.0,6.0
2019-04-23T14:20:17.830000Z,-178.7639,-24.7059,141.17617225089984,385.58,6.0
2019-05-03T07:25:29.171000Z,160.1389,-6.928,114.32205978251054,10.0,6.2
2019-05-06T21:19:37.981000Z,146.4505,-6.973,104.12274434578747,146.0,7.1
2019-05-12T19:24:50.395000Z,-82.8326,8.6227,110.35953210306764,19.0,6.0
2019-05-14T12:58:26.074000Z,152.5694,-4.081,106.82059772885155,10.0,7.5
2019-05-19T01:23:29.151000Z,169.7779,-21.6619,130.85374895791674,20.0,6.3
2019-05-19T14:27:12.394000Z,169.5741,-21.7384,130.7457326527233,19.95,6.0
2019-05-19T14:56:50.691000Z,169.4692,-21.6074,130.58988742906772,20.0,6.3
2019-05-26T07:41:15.058000Z,-75.2775,-5.8132,115.58122101557281,122.4,8.0
2019-05-30T09:03:28.971000Z,-89.3663,13.1462,110.77659410035412,25.0,6.6
2019-05-30T15:38:01.451000Z,-176.3171,-21.7541,141.1740429820225,177.85,6.0
2019-06-02T10:36:29.659000Z,-173.9076,-21.2091,142.54316201304002,10.0,6.0
2019-06-14T00:19:12.401000Z,-72.0819,-30.0557,127.84148652999133,11.0,6.4
2019-06-15T21:56:10.835000Z,-174.169,-21.1807,142.33989129816874,13.0,6.1
2019-06-15T22:55:04.132000Z,-178.106,-30.644,144.84423877898993,46.0,7.3
2019-06-16T05:17:16.244000Z,-178.0827,-31.069,145.06590692695366,31.52,6.3
2019-06-17T06:02:05.750000Z,-177.5972,-30.9381,145.3693612420559,16.0,6.0
2019-06-19T07:01:42.801000Z,-177.787,-30.6004,145.06343071567414,10.0,6.4
2019-06-19T17:24:48.833000Z,138.4599,-2.243,95.0160227814971,10.0,6.3
2019-06-21T08:37:16.951000Z,-177.4658,-30.8598,145.43077368616898,14.0,6.3
2019-06-24T01:05:29.464000Z,138.5675,-2.7756,95.44457465663304,28.0,6.1
2019-06-24T02:53:39.830000Z,129.1692,-6.4078,90.732776607389,212.0,7.3
2019-06-26T05:23:50.890000Z,-82.7677,8.449,110.45018134931433,26.22,6.2
2019-06-27T11:04:57.020000Z,-179.2332,-30.3859,143.86921398706065,10.0,6.3
2019-07-01T17:13:29.073000Z,167.5238,-15.4376,125.34777916620482,97.09,6.0
2019-07-04T04:30:44.297000Z,-130.515,51.2215,87.76523255576014,10.0,6.2
2019-07-04T17:33:49.040000Z,-117.506,35.705167,101.50878547491892,10.71,6.4
2019-07-06T03:19:53.040000Z,-117.599333,35.7695,101.46517324797392,8.0,7.1
2019-07-11T17:08:37.977000Z,155.2241,-4.6408,109.16491686266058,495.17,6.0
2019-07-14T05:39:23.427000Z,120.3574,-18.2237,92.16032307767176,10.0,6.6
2019-07-14T09:10:50.533000Z,128.0931,-0.529,86.07145556169667,10.0,7.3
2019-07-15T08:21:35.928000Z,149.5517,-5.9904,105.81844842386937,58.97,6.2
2019-07-23T10:33:24.010000Z,154.063,-61.2936,134.44337350371754,10.0,6.0
2019-07-31T15:02:33.853000Z,167.9982,-16.1985,126.1827147858233,181.0,6.6
2019-08-01T18:28:07.272000Z,-72.3079,-34.2367,130.04465114601336,25.0,6.8
2019-08-20T13:03:52.574000Z,166.2991,-11.3537,121.79275947528278,36.88,6.0
2019-08-21T14:28:25.652000Z,139.324,-50.3302,123.37896964674209,10.0,6.0
2019-08-24T15:51:27.014000Z,167.1983,-14.2896,124.37136512426851,115.0,6.0
2019-08-27T23:55:19.187000Z,-26.5801,-60.2152,116.19536314918366,16.0,6.6
2019-08-29T15:07:57.794000Z,-127.8761,43.5436,95.24402071840878,4.74,6.3
2019-09-01T15:54:20.411000Z,-178.567,-20.3599,138.66879458406453,591.0,6.6
2019-09-24T03:23:40.000000Z,-67.2701,19.077,92.50290686718438,10.0,6.0
2019-09-25T23:46:43.029000Z,128.3683,-3.46,88.19947231196163,8.97,6.5
2019-09-26T16:36:18.134000Z,-72.0019,-40.8152,132.6151760819401,129.0,6.1
2019-09-27T12:05:02.386000Z,-177.8611,-30.1755,144.79963516115458,33.0,6.1
2019-09-29T15:57:53.236000Z,-73.1631,-35.4756,131.23406300738293,11.0,6.7
2019-10-21T02:52:29.674000Z,169.4883,-19.0184,129.04824521365336,231.0,6.4
2019-11-02T18:08:41.079000Z,-26.2338,-55.6659,113.21964708243733,8.0,6.1
2019-11-04T21:53:25.320000Z,-71.3753,-31.8362,128.20859752468684,53.0,6.1
2019-11-04T22:43:32.280000Z,-175.272,-18.5747,139.83763610549926,10.0,6.6
2019-11-05T20:52:01.296000Z,-9.2701,-57.9643,108.23445472535221,10.0,6.3
2019-11-05T23:17:25.042000Z,167.7404,-13.8056,124.45874184822189,10.0,6.0
2019-11-06T00:39:09.303000Z,167.8086,-13.7208,124.45395027360814,10.0,6.0
2019-11-08T10:44:44.876000Z,-179.4911,-21.9688,139.004801072815,582.92,6.5
2019-11-11T23:03:28.056000Z,-175.3598,-18.8857,139.98551728830165,10.0,6.1
2019-11-20T04:27:05.120000Z,-93.2133,13.8855,112.31033738802765,14.16,6.3
2019-11-23T12:11:15.564000Z,132.8148,1.6436,88.21636306155648,5.0,6.2
2019-12-03T08:46:36.374000Z,-70.6504,-18.5597,120.3265095575537,32.44,6.0
2019-12-04T20:10:03.595000Z,169.5748,-19.0677,129.14299275625262,266.0,6.0
2019-12-06T13:04:46.931000Z,-175.1193,-15.2838,137.66376701561938,10.0,6.0
2019-12-14T04:57:34.937000Z,167.7089,-14.3628,124.7959467145027,7.51,6.0
2019-12-23T19:49:43.101000Z,-129.9268,50.6077,88.34825749659889,10.0,6.0
2019-12-23T20:56:23.555000Z,-129.7573,50.5169,88.42977738343002,10.0,6.0
2019-12-24T16:43:33.782000Z,-63.3748,-26.9915,119.73373466645089,581.63,6.0
2019-12-24T19:03:52.514000Z,-74.0501,3.5273,108.20611768671186,11.0,6.0
2019-12-25T03:36:01.578000Z,-129.9656,50.6081,88.34988349802904,6.38,6.3
2020-01-07T08:24:25.143000Z,-66.828,17.8672,93.06098644471375,8.07,6.4
2020-01-07T19:11:35.665000Z,151.2659,-5.2046,106.58893294005712,117.0,6.0
2020-01-18T16:38:14.384000Z,139.327,-2.8617,96.07419938056712,44.0,6.0
2020-01-20T06:51:37.820000Z,-26.2889,-59.2287,115.47383240464077,93.0,6.1
2020-01-27T05:02:01.704000Z,161.0606,-10.0929,117.09715804395735,21.0,6.3
2020-01-28T19:10:24.963000Z,-78.7582,19.418,99.58751253377481,15.18,7.7
2020-01-28T21:55:16.420000Z,-80.742,18.9437,101.14798046295796,10.0,6.1
2020-01-29T13:49:49.744000Z,161.2756,-10.418,117.46943689854054,85.0,6.0
2020-02-08T14:32:58.625000Z,-25.5526,-59.9212,115.60834870695811,16.0,6.0
2020-02-09T06:04:29.967000Z,152.1522,-5.4925,107.4410736565466,34.0,6.1
2020-03-14T10:01:16.943000Z,-175.6074,-27.3664,145.0197217026817,10.0,6.4
2020-03-17T16:06:22.370000Z,-172.1911,-16.0252,140.1579154223127,10.0,6.0
2020-03-18T03:13:45.742000Z,167.0277,-13.1364,123.49832728356182,176.0,6.1
2020-03-22T22:38:04.810000Z,-104.9519,-4.6744,134.14324736066118,10.0,6.1
2020-03-31T23:52:31.094000Z,-115.1356,44.4603,92.59412502823582,14.53,6.78
2020-04-14T01:06:47.913000Z,-176.3478,-30.3889,146.04304104006548,31.0,6.0
2020-04-16T08:04:37.597000Z,-85.7099,16.9332,105.64471901113592,10.0,6.0
2020-04-25T02:53:05.558000Z,154.2794,-6.4943,109.68867961656383,12.94,6.2
2020-05-06T13:53:56.960000Z,129.8613,-6.7949,91.50435076123429,107.0,6.8
2020-05-07T11:21:19.839000Z,154.7127,-4.4543,108.66155312643596,466.17,6.1
2020-05-12T22:41:12.177000Z,166.6482,-12.0662,122.51868335492898,107.0,6.6
2020-05-15T11:03:27.176000Z,-117.8497,38.1689,99.1903012447348,2.7,6.5
2020-05-22T08:46:06.973000Z,-108.1275,22.4152,111.5156108287706,10.0,6.1
2020-05-27T07:09:10.686000Z,167.8644,-17.1569,126.68556501946081,10.0,6.1
2020-05-31T05:09:38.601000Z,-70.7643,-15.3164,118.4230609603744,186.0,6.1
2020-06-03T07:35:34.844000Z,-68.4217,-23.2955,121.42814553004676,96.84,6.8
2020-06-03T09:31:37.481000Z,-176.731,-24.6914,142.66578193645546,90.47,6.1
2020-06-13T21:08:30.503000Z,145.1116,18.9317,85.9135992730325,622.0,6.2
2020-06-18T12:49:53.747000Z,-177.8383,-33.2938,146.26065809557542,10.0,7.4
2020-06-23T15:29:04.329000Z,-96.0101,15.8829,112.09520571701567,20.0,7.4
2020-07-06T18:16:18.408000Z,140.2462,12.0787,86.95275279864227,10.0,6.2
2020-07-17T02:50:22.162000Z,147.7754,-7.8386,105.68181194542058,73.0,7.0
2020-07-18T15:32:37.220000Z,-172.6977,-15.2462,139.25905327723572,16.0,6.1
2020-07-21T20:56:25.167000Z,-178.6325,-20.8045,138.90371347896945,605.2,6.0
2020-07-26T00:53:59.067000Z,-25.4055,-60.7812,116.08369788257936,10.0,6.4
2020-08-01T19:22:05.198000Z,148.6412,-3.1912,103.29929818067671,10.0,6.1
2020-08-05T12:05:36.264000Z,168.078,-16.0919,126.17449865297097,178.9,6.4
2020-08-21T04:09:52.217000Z,123.4829,-6.6869,86.68385550652484,627.76,6.9
2020-08-24T21:51:09.715000Z,-84.6396,9.5996,110.749223755432,23.31,6.0
2020-08-25T19:02:58.428000Z,151.8642,-5.5603,107.27028538478217,23.0,6.0
2020-08-25T19:08:52.908000Z,151.8365,-5.5454,107.23977549613065,22.0,6.2
2020-09-01T04:09:28.731000Z,-71.3031,-27.9728,126.17624341637408,23.0,6.8
2020-09-01T04:30:02.198000Z,-71.2874,-28.0385,126.19932447082819,16.53,6.3
2020-09-01T21:09:17.626000Z,-71.3716,-27.9154,126.19709025962656,14.52,6.5
2020-09-06T01:16:58.850000Z,-71.4938,-30.3501,127.55306219520689,28.24,6.3
2020-09-06T02:59:16.073000Z,167.5321,-17.1562,126.4375007267338,10.0,6.2
2020-09-07T06:12:39.710000Z,168.4935,-17.1086,127.12361946799216,10.0,6.0
2020-09-11T07:35:57.195000Z,-69.9093,-21.3957,121.4514148490865,51.0,6.2
2020-09-15T04:12:16.291000Z,179.8689,-15.095,134.07082838683647,10.0,6.0
2020-09-26T17:10:22.422000Z,31.7636,-48.0314,89.44991052291414,10.0,6.1
2020-10-01T01:13:36.524000Z,-174.1217,-19.5385,141.2886055236337,28.0,6.4
2020-10-01T10:34:48.481000Z,148.6576,-6.0867,105.20929635577168,109.22,6.0
2020-10-06T10:11:46.688000Z,-178.4762,-18.0101,137.20425062184637,633.92,6.0
2020-10-08T07:35:32.224000Z,146.1686,-6.114,103.35299869888428,103.49,6.3
2020-10-23T07:04:30.922000Z,-179.9572,-25.64,140.82479596369487,454.0,6.1
2020-11-03T02:40:54.907000Z,-79.3773,-44.4106,138.93378183238178,10.0,6.0
2020-11-06T23:49:18.964000Z,-58.1635,-62.2446,130.7263245761829,10.82,6.0
2020-11-07T09:27:04.694000Z,-173.5473,-15.2735,138.7139404074035,28.17,6.1
2020-11-11T00:48:44.208000Z,-177.5446,-19.6815,138.96578121582996,417.0,6.0
2020-11-22T00:54:56.420000Z,-73.0671,-34.5982,130.76790470930356,19.5,6.1
2020-11-30T22:55:03.900000Z,-67.0203,-24.3318,120.9643369084413,189.0,6.3
2020-12-01T20:52:57.066000Z,154.7341,-61.9496,134.83307029961944,10.0,6.0
2020-12-06T16:47:42.722000Z,-69.0663,-20.3662,120.20942042033752,105.0,6.1
2020-12-14T15:20:49.542000Z,-68.7079,-21.8063,120.78423096113065,114.0,6.0
2020-12-23T18:11:47.762000Z,133.6362,6.2544,85.83165519122083,11.0,6.1
2020-12-27T21:39:14.804000Z,-74.9881,-39.3374,134.1627910091542,10.0,6.7
