Time,Lon,Lat,Mag,Depth,Description
2015-10-18T16:18:35.520000Z,-173.2608,-16.2018,6.0,12000.0,TONGA ISLANDS
2015-10-20T21:52:02.560000Z,167.3028,-14.8595,7.1,135000.0,VANUATU ISLANDS
2015-10-23T01:40:06.320000Z,6.1653,-54.2258,6.2,11000.0,BOUVET ISLAND REGION
2015-10-23T04:04:18.000000Z,37.17,-45.81,6.0,10000.0,PRINCE EDWARD ISLANDS REGION
2015-10-23T04:04:18.140000Z,37.1711,-45.8146,6.0,10000.0,PRINCE EDWARD ISLANDS REGION
2015-11-04T03:44:15.190000Z,124.8754,-8.3381,6.5,20000.0,TIMOR REGION
2015-11-07T07:04:31.380000Z,-72.3015,-29.4642,6.2,13000.0,OFF COAST OF CENTRAL CHILE
2015-11-07T07:31:43.870000Z,-71.4519,-30.8796,6.8,46000.0,NEAR COAST OF CENTRAL CHILE
2015-11-09T16:03:46.070000Z,-173.0746,51.6394,6.5,15000.0,"ANDREANOF ISLANDS, ALEUTIAN IS."
2015-11-11T01:54:38.570000Z,-72.0068,-29.5067,6.9,12000.0,OFF COAST OF CENTRAL CHILE
2015-11-11T02:46:19.830000Z,-72.0585,-29.5097,6.9,10000.0,OFF COAST OF CENTRAL CHILE
2015-11-18T18:31:04.570000Z,158.4217,-8.8994,6.8,12590.0,SOLOMON ISLANDS
2015-11-21T09:06:13.460000Z,129.9375,-7.1484,6.1,82000.0,BANDA SEA
2015-11-24T13:21:35.730000Z,145.2659,18.7787,6.0,586880.0,MARIANA ISLANDS
2015-11-24T22:45:38.880000Z,-70.9437,-10.5372,7.6,606210.0,PERU-BRAZIL BORDER REGION
2015-11-24T22:50:54.370000Z,-71.0184,-10.0598,7.6,620560.0,PERU-BRAZIL BORDER REGION
2015-11-26T05:45:18.400000Z,-71.2574,-9.1825,6.7,602750.0,PERU-BRAZIL BORDER REGION
2015-11-27T21:00:22.920000Z,-70.6009,-24.828,6.2,34000.0,NEAR COAST OF NORTHERN CHILE
2015-12-04T22:25:00.110000Z,85.0913,-47.6165,7.1,35000.0,SOUTHEAST INDIAN RIDGE
2015-12-09T10:21:48.530000Z,129.5079,-4.1064,6.9,21000.0,BANDA SEA
2015-12-09T12:58:01.780000Z,175.2475,-16.7374,6.1,10000.0,FIJI ISLANDS REGION
2015-12-17T19:49:53.050000Z,-93.6294,15.8009,6.6,85000.0,"NEAR COAST OF CHIAPAS, MEXICO"
2015-12-19T02:10:53.360000Z,169.3857,-18.3819,6.0,10000.0,VANUATU ISLANDS
2016-01-01T02:00:39.950000Z,139.4489,-50.5575,6.3,10000.0,WESTERN INDIAN-ANTARCTIC RIDGE
2016-01-11T16:38:05.910000Z,126.8569,3.8966,6.5,13000.0,"TALAUD ISLANDS, INDONESIA"
2016-01-14T03:25:28.270000Z,-63.3288,-19.7597,6.1,582560.0,SOUTHERN BOLIVIA
2016-01-21T18:06:57.690000Z,-106.9344,18.8288,6.6,10000.0,"OFF COAST OF JALISCO, MEXICO"
2016-01-31T17:39:00.280000Z,169.1522,-63.2868,6.0,10000.0,BALLENY ISLANDS REGION
2016-02-01T19:00:46.260000Z,-179.9563,-30.7636,6.2,391000.0,KERMADEC ISLANDS REGION
2016-02-08T16:19:13.090000Z,154.7073,-6.6214,6.4,31620.0,SOLOMON ISLANDS
2016-02-10T00:33:05.340000Z,-71.5838,-30.5723,6.3,29000.0,NEAR COAST OF CENTRAL CHILE
2016-02-12T10:02:24.050000Z,119.4013,-9.6338,6.3,28000.0,"SUMBA REGION, INDONESIA"
2016-02-17T17:26:02.320000Z,129.0729,0.8451,6.0,10000.0,"HALMAHERA, INDONESIA"
2016-02-27T21:29:43.570000Z,139.5956,-51.7897,6.1,10000.0,WESTERN INDIAN-ANTARCTIC RIDGE
2016-03-12T18:06:44.760000Z,-173.9423,51.5648,6.3,19000.0,"ANDREANOF ISLANDS, ALEUTIAN IS."
2016-03-19T01:35:12.170000Z,-174.1423,51.5145,6.0,17000.0,"ANDREANOF ISLANDS, ALEUTIAN IS."
2016-03-19T11:26:33.230000Z,-60.7019,17.996,6.0,26000.0,LEEWARD ISLANDS
2016-04-01T19:24:55.370000Z,144.887,-3.3585,6.2,6000.0,"NEAR N COAST OF NEW GUINEA, PNG."
2016-04-02T05:50:00.000000Z,-157.9321,57.008,6.2,11400.0,ALASKA PENINSULA
2016-04-03T08:23:52.320000Z,166.8551,-14.3235,6.9,26000.0,VANUATU ISLANDS
2016-04-06T06:58:48.210000Z,166.6245,-14.0683,6.7,24000.0,VANUATU ISLANDS
2016-04-07T03:32:53.500000Z,166.5943,-13.9805,6.7,27590.0,VANUATU ISLANDS
2016-04-14T21:50:27.680000Z,166.4334,-14.5284,6.4,16000.0,VANUATU ISLANDS
2016-04-15T14:11:26.430000Z,-92.367,13.4008,6.1,22410.0,"OFF COAST OF CHIAPAS, MEXICO"
2016-04-16T23:58:36.980000Z,-79.9218,0.3819,7.8,20590.0,NEAR COAST OF ECUADOR
2016-04-19T05:25:39.940000Z,-27.2307,-55.7283,6.2,14000.0,SOUTH SANDWICH ISLANDS REGION
2016-04-20T08:33:47.330000Z,-80.2104,0.639,6.2,14000.0,NEAR COAST OF ECUADOR
2016-04-20T08:35:10.620000Z,-80.0352,0.7079,6.0,10000.0,NEAR COAST OF ECUADOR
2016-04-22T03:03:41.720000Z,-80.5039,-0.2921,6.0,10000.0,NEAR COAST OF ECUADOR
2016-04-25T07:07:08.600000Z,-93.1509,14.479,6.0,16000.0,"NEAR COAST OF CHIAPAS, MEXICO"
2016-04-27T12:51:19.440000Z,-93.0882,14.5178,6.0,16000.0,"NEAR COAST OF CHIAPAS, MEXICO"
2016-04-28T19:33:24.070000Z,167.3786,-16.0429,7.0,24000.0,VANUATU ISLANDS
2016-04-29T01:33:38.910000Z,-103.7363,10.2752,6.6,10000.0,NORTHERN EAST PACIFIC RISE
2016-05-18T07:57:02.650000Z,-79.7899,0.4261,6.7,16000.0,NEAR COAST OF ECUADOR
2016-05-18T16:46:43.860000Z,-79.616,0.4947,6.9,29950.0,NEAR COAST OF ECUADOR
2016-05-20T18:14:04.670000Z,129.8841,-25.5655,6.0,10000.0,"NORTHERN TERRITORY, AUSTRALIA"
2016-05-27T04:08:43.950000Z,-178.6481,-20.8101,6.4,567480.0,FIJI ISLANDS REGION
2016-05-28T05:38:50.550000Z,-178.2038,-21.9724,6.9,405690.0,FIJI ISLANDS REGION
2016-05-28T09:46:59.780000Z,-26.9353,-56.2409,7.2,78000.0,SOUTH SANDWICH ISLANDS REGION
2016-06-05T16:25:33.540000Z,125.6264,-4.587,6.3,429620.0,BANDA SEA
2016-06-06T02:35:32.390000Z,-177.8359,-30.0235,6.1,43830.0,"KERMADEC ISLANDS, NEW ZEALAND"
2016-06-07T10:51:37.720000Z,-105.1731,18.3637,6.3,10000.0,"OFF COAST OF JALISCO, MEXICO"
2016-06-07T19:15:15.330000Z,126.3712,1.2789,6.3,31000.0,NORTHERN MOLUCCA SEA
2016-06-09T04:13:08.130000Z,116.2669,-11.2487,6.1,19000.0,"SOUTH OF SUMBAWA, INDONESIA"
2016-06-10T03:25:22.920000Z,-86.9633,12.8318,6.1,10000.0,NICARAGUA
2016-06-10T04:17:44.840000Z,160.559,-8.6757,6.2,30400.0,SOLOMON ISLANDS
2016-06-14T13:49:22.630000Z,168.8279,-18.7609,6.2,111000.0,VANUATU ISLANDS
2016-06-19T09:47:23.600000Z,169.0737,-20.2793,6.3,13000.0,VANUATU ISLANDS
2016-06-20T03:50:55.240000Z,168.7595,-20.2072,6.0,15000.0,LOYALTY ISLANDS
2016-06-21T17:12:07.370000Z,151.8796,-3.4199,6.3,354000.0,"NEW IRELAND REGION, P.N.G."
2016-06-30T11:30:33.050000Z,167.4701,-16.0558,6.0,27000.0,VANUATU ISLANDS
2016-07-10T13:44:40.680000Z,-173.2011,-15.083,6.0,8000.0,TONGA ISLANDS
2016-07-11T02:11:04.800000Z,-79.638,0.5812,6.3,21000.0,NEAR COAST OF ECUADOR
2016-07-13T12:11:12.830000Z,-176.443,-28.0052,6.3,12000.0,KERMADEC ISLANDS REGION
2016-07-20T15:13:16.520000Z,169.0547,-18.9285,6.1,167000.0,VANUATU ISLANDS
2016-07-25T17:26:50.220000Z,-70.5074,-26.1049,6.1,72000.0,NEAR COAST OF NORTHERN CHILE
2016-07-25T19:38:45.560000Z,148.0345,-2.969,6.4,14000.0,"ADMIRALTY ISLANDS REGION, P.N.G."
2016-07-29T21:18:26.510000Z,145.541,18.5439,7.7,207620.0,MARIANA ISLANDS
2016-08-04T14:15:13.090000Z,-66.0261,-22.3087,6.2,270000.0,"JUJUY PROVINCE, ARGENTINA"
2016-08-12T01:26:36.290000Z,173.1108,-22.4778,7.2,16440.0,SOUTHEAST OF LOYALTY ISLANDS
2016-08-12T03:29:32.850000Z,-177.3437,-25.1679,6.2,114090.0,SOUTH OF FIJI ISLANDS
2016-08-19T07:32:22.730000Z,-31.874,-55.2793,7.4,10000.0,SOUTH GEORGIA ISLAND REGION
2016-08-21T03:45:23.740000Z,-31.7546,-55.2775,6.4,10000.0,SOUTH GEORGIA ISLAND REGION
2016-08-23T19:39:44.660000Z,122.4255,-7.2805,6.0,532400.0,FLORES SEA
2016-08-31T03:11:36.060000Z,152.7879,-3.6914,6.7,499060.0,"NEW IRELAND REGION, P.N.G."
2016-09-01T16:37:57.300000Z,179.1461,-37.3586,7.0,19000.0,"OFF E. COAST OF N. ISLAND, N.Z."
2016-09-01T17:14:06.060000Z,178.9291,-37.0522,6.1,13730.0,"OFF E. COAST OF N. ISLAND, N.Z."
2016-09-08T21:46:20.100000Z,158.7126,-54.6136,6.1,10000.0,MACQUARIE ISLAND REGION
2016-09-10T10:08:20.020000Z,-76.9536,-5.573,6.1,121000.0,NORTHERN PERU
2016-09-14T01:58:31.570000Z,-76.1686,7.3736,6.0,18000.0,NORTHERN COLOMBIA
2016-09-14T07:25:00.070000Z,159.1673,-9.329,6.0,14000.0,SOLOMON ISLANDS
2016-09-17T01:20:17.940000Z,140.5718,-2.0829,6.0,9000.0,NEAR NORTH COAST OF IRIAN JAYA
2016-09-23T22:53:10.400000Z,126.4918,6.5717,6.3,65000.0,"MINDANAO, PHILIPPINES"
2016-09-24T21:07:15.790000Z,-174.984,-18.1706,6.4,202000.0,TONGA ISLANDS
2016-09-24T21:28:41.700000Z,-178.2443,-19.7819,6.9,596400.0,FIJI ISLANDS REGION
2016-10-15T08:03:38.140000Z,150.3605,-4.2701,6.3,442000.0,"NEW BRITAIN REGION, P.N.G."
2016-10-17T06:14:58.370000Z,148.8617,-6.0526,6.9,35000.0,"NEW BRITAIN REGION, P.N.G."
2016-10-26T05:19:50.510000Z,-174.8724,-15.54,6.1,10000.0,TONGA ISLANDS
2016-11-04T16:20:43.940000Z,-70.9964,-35.1033,6.4,90790.0,CHILE-ARGENTINA BORDER REGION
2016-11-13T11:02:59.070000Z,173.0647,-42.7245,7.8,22000.0,"SOUTH ISLAND, NEW ZEALAND"
2016-11-13T11:32:08.970000Z,173.6075,-42.2377,6.5,24000.0,"SOUTH ISLAND, NEW ZEALAND"
2016-11-13T11:52:45.010000Z,173.6227,-42.1762,6.1,13990.0,"SOUTH ISLAND, NEW ZEALAND"
2016-11-13T13:31:26.290000Z,173.6997,-42.2972,6.2,6290.0,"SOUTH ISLAND, NEW ZEALAND"
2016-11-14T00:34:22.610000Z,173.2543,-42.6058,6.5,9000.0,"SOUTH ISLAND, NEW ZEALAND"
2016-11-20T20:57:43.980000Z,-68.7645,-31.6428,6.4,115790.0,"SAN JUAN PROVINCE, ARGENTINA"
2016-11-24T18:43:48.830000Z,-88.8355,11.9597,7.0,10340.0,OFF COAST OF CENTRAL AMERICA
2016-12-01T22:40:26.340000Z,-70.8228,-15.2943,6.2,10000.0,SOUTHERN PERU
2016-12-05T01:13:04.880000Z,123.3802,-7.3158,6.3,526000.0,BANDA SEA
2016-12-08T14:49:46.730000Z,-126.1528,40.4753,6.5,12080.0,OFF COAST OF NORTHERN CALIFORNIA
2016-12-08T17:38:46.380000Z,161.3298,-10.676,7.8,41000.0,SOLOMON ISLANDS
2016-12-08T21:56:07.500000Z,161.3137,-10.8416,6.5,12260.0,SOLOMON ISLANDS
2016-12-09T19:10:07.070000Z,161.1227,-10.748,6.9,21060.0,SOLOMON ISLANDS
2016-12-10T16:24:36.560000Z,154.4882,-5.6598,6.1,157050.0,SOLOMON ISLANDS
2016-12-14T02:01:22.810000Z,144.4037,21.2897,6.0,22370.0,MARIANA ISLANDS REGION
2016-12-17T10:51:10.500000Z,153.5216,-4.5049,7.9,94540.0,"NEW IRELAND REGION, P.N.G."
2016-12-17T11:27:38.940000Z,153.9975,-5.6497,6.3,26500.0,"NEW IRELAND REGION, P.N.G."
2016-12-18T05:46:25.270000Z,161.1952,-10.2273,6.0,39110.0,SOLOMON ISLANDS
2016-12-18T09:47:04.940000Z,137.6672,8.3489,6.2,12430.0,"W. CAROLINE ISLANDS, MICRONESIA"
2016-12-18T13:30:11.430000Z,-70.9698,-9.9661,6.4,622530.0,PERU-BRAZIL BORDER REGION
2016-12-20T04:21:28.590000Z,161.2183,-10.2254,6.4,11330.0,SOLOMON ISLANDS
2016-12-21T00:17:14.990000Z,127.9206,-7.5082,6.7,152000.0,BANDA SEA
2016-12-24T01:32:16.040000Z,153.5754,-5.2453,6.0,35000.0,"NEW IRELAND REGION, P.N.G."
2016-12-25T14:22:27.030000Z,-73.9403,-43.4053,7.6,38000.0,SOUTHERN CHILE
2016-12-29T22:30:19.300000Z,118.6639,-9.0279,6.3,79000.0,"SUMBAWA REGION, INDONESIA"
2017-01-02T13:14:02.830000Z,179.2383,-23.2513,6.3,551620.0,SOUTH OF FIJI ISLANDS
2017-01-03T21:52:30.700000Z,176.058,-19.3542,6.9,12000.0,SOUTH OF FIJI ISLANDS
2017-01-10T15:27:15.130000Z,161.0304,-10.1255,6.3,28650.0,SOLOMON ISLANDS
2017-01-19T23:04:21.130000Z,161.318,-10.3433,6.5,36000.0,SOLOMON ISLANDS
2017-01-22T04:30:22.990000Z,155.1442,-6.2145,7.9,135000.0,SOLOMON ISLANDS
2017-02-18T12:10:17.970000Z,-66.6592,-23.8613,6.3,222000.0,"JUJUY PROVINCE, ARGENTINA"
2017-02-21T14:09:04.320000Z,-63.9047,-19.2814,6.5,595980.0,SOUTHERN BOLIVIA
2017-02-24T17:28:44.870000Z,-178.8033,-23.2601,6.9,414890.0,SOUTH OF FIJI ISLANDS
2017-03-04T02:58:20.280000Z,155.748,-7.3277,6.1,17000.0,SOLOMON ISLANDS
2017-03-05T22:47:53.970000Z,149.3619,-5.9945,6.3,37000.0,"NEW BRITAIN REGION, P.N.G."
2017-03-19T15:43:25.690000Z,160.7536,-8.1364,6.0,8370.0,SOLOMON ISLANDS
2017-04-15T08:19:43.400000Z,-67.7655,-23.2706,6.2,155000.0,CHILE-ARGENTINA BORDER REGION
2017-04-18T17:11:47.030000Z,-178.3718,-18.0851,6.0,628000.0,FIJI ISLANDS REGION
2017-04-23T02:36:07.840000Z,-72.0063,-33.0361,6.0,21000.0,OFF COAST OF CENTRAL CHILE
2017-04-24T21:38:30.840000Z,-72.0452,-33.0291,6.9,28000.0,OFF COAST OF CENTRAL CHILE
2017-05-08T17:00:47.060000Z,-178.6361,51.7545,6.2,10000.0,"ANDREANOF ISLANDS, ALEUTIAN IS."
2017-05-09T13:52:10.990000Z,167.3767,-14.5884,6.8,169000.0,VANUATU ISLANDS
2017-05-10T23:23:37.270000Z,-25.7827,-56.4277,6.5,17390.0,SOUTH SANDWICH ISLANDS REGION
2017-05-12T10:41:26.380000Z,-90.0562,12.9108,6.2,10000.0,OFF COAST OF CENTRAL AMERICA
2017-05-15T13:22:38.580000Z,152.4893,-4.0217,6.2,10000.0,"NEW BRITAIN REGION, P.N.G."
2017-05-29T14:35:21.510000Z,120.4335,-1.2872,6.6,12000.0,"SULAWESI, INDONESIA"
2017-06-14T07:29:05.630000Z,-91.9882,14.9823,6.9,94000.0,GUATEMALA
2017-06-15T00:26:17.550000Z,-178.0541,-30.5139,6.0,34000.0,"KERMADEC ISLANDS, NEW ZEALAND"
2017-06-17T22:26:01.990000Z,179.6059,-24.0934,6.1,511000.0,SOUTH OF FIJI ISLANDS
2017-06-22T12:31:04.490000Z,-90.9488,13.7527,6.8,46820.0,NEAR COAST OF GUATEMALA
2017-06-25T17:42:30.040000Z,-176.4629,-19.6664,6.2,38270.0,FIJI ISLANDS REGION
2017-06-28T18:20:55.450000Z,-177.6618,-30.3103,6.0,19000.0,"KERMADEC ISLANDS, NEW ZEALAND"
2017-06-29T07:03:12.020000Z,179.9269,-31.106,6.0,414610.0,KERMADEC ISLANDS REGION
2017-06-30T22:29:45.110000Z,-80.4935,-0.2882,6.0,13000.0,NEAR COAST OF ECUADOR
2017-07-11T07:00:01.210000Z,164.0251,-49.4802,6.6,10000.0,"AUCKLAND ISLANDS, N.Z. REGION"
2017-07-13T03:36:08.810000Z,153.1958,-4.7722,6.4,34780.0,"NEW IRELAND REGION, P.N.G."
2017-07-18T02:05:19.870000Z,-73.6296,-16.4206,6.4,44920.0,NEAR COAST OF PERU
2017-07-27T17:53:24.610000Z,-49.3259,13.396,6.0,10000.0,NORTH ATLANTIC OCEAN
2017-08-19T02:00:52.550000Z,-178.8406,-17.9609,6.4,544000.0,FIJI ISLANDS REGION
2017-08-27T04:17:51.010000Z,148.0803,-1.4513,6.3,8000.0,"ADMIRALTY ISLANDS REGION, P.N.G."
2017-09-04T08:07:35.380000Z,-25.5783,-57.7886,6.0,35000.0,SOUTH SANDWICH ISLANDS REGION
2017-09-08T04:49:20.000000Z,-93.9067,15.0356,8.1,56670.0,"NEAR COAST OF CHIAPAS, MEXICO"
2017-09-19T18:14:38.430000Z,-98.4808,18.5678,7.1,51000.0,CENTRAL MEXICO
2017-09-20T01:43:30.060000Z,162.5497,-50.371,6.1,10000.0,"AUCKLAND ISLANDS, N.Z. REGION"
2017-09-20T20:09:49.610000Z,169.0946,-18.7854,6.4,197000.0,VANUATU ISLANDS
2017-09-23T12:53:02.420000Z,-94.9509,16.7732,6.1,9620.0,"OAXACA, MEXICO"
2017-09-26T04:20:00.760000Z,-176.9366,-23.7135,6.4,98070.0,SOUTH OF FIJI ISLANDS
2017-10-08T14:04:38.500000Z,-175.5659,-18.9903,6.1,10000.0,TONGA ISLANDS
2017-10-08T20:48:58.720000Z,154.5526,-61.7431,6.3,10000.0,BALLENY ISLANDS REGION
2017-10-10T06:32:20.800000Z,-69.6411,-18.5212,6.3,82430.0,NORTHERN CHILE
2017-10-10T18:53:27.840000Z,8.6055,-54.2584,6.7,9000.0,BOUVET ISLAND REGION
2017-10-18T12:00:59.080000Z,-173.8022,-20.5914,6.1,10000.0,TONGA ISLANDS
2017-10-24T10:47:47.540000Z,123.0401,-7.2364,6.7,549190.0,BANDA SEA
2017-10-31T00:42:06.550000Z,169.209,-21.6645,6.8,9100.0,SOUTHEAST OF LOYALTY ISLANDS
2017-10-31T11:50:50.410000Z,127.7655,-3.7404,6.1,18470.0,"SERAM, INDONESIA"
2017-11-01T00:09:29.950000Z,168.9362,-21.7305,6.1,10000.0,LOYALTY ISLANDS
2017-11-01T02:23:55.810000Z,168.8879,-21.6689,6.6,9930.0,LOYALTY ISLANDS
2017-11-01T05:09:00.630000Z,168.9185,-21.7928,6.0,10000.0,LOYALTY ISLANDS
2017-11-04T09:00:19.420000Z,-173.1682,-15.3197,6.8,10000.0,TONGA ISLANDS
2017-11-07T21:26:38.480000Z,143.4846,-4.2433,6.5,110570.0,"NEW GUINEA, PAPUA NEW GUINEA"
2017-11-13T02:28:23.680000Z,-84.4865,9.5147,6.5,19360.0,COSTA RICA
2017-11-19T09:25:47.020000Z,168.6995,-21.654,6.3,4000.0,LOYALTY ISLANDS
2017-11-19T15:09:03.420000Z,168.5743,-21.5112,6.6,16510.0,LOYALTY ISLANDS
2017-11-19T22:43:29.230000Z,168.683,-21.3337,7.0,10000.0,LOYALTY ISLANDS
2017-11-20T00:09:23.670000Z,168.8229,-21.5115,6.0,10000.0,LOYALTY ISLANDS
2017-11-20T18:51:07.310000Z,-175.0735,-14.7255,6.0,6000.0,SAMOA ISLANDS REGION
2017-11-27T07:11:11.430000Z,153.2342,-4.5778,6.0,52000.0,"NEW IRELAND REGION, P.N.G."
2017-12-01T02:49:59.150000Z,147.6287,-6.1131,6.0,39530.0,"EASTERN NEW GUINEA REG., P.N.G."
2017-12-03T11:19:05.260000Z,-80.3107,-0.4895,6.2,16000.0,NEAR COAST OF ECUADOR
2017-12-08T00:22:54.200000Z,140.2197,10.1164,6.4,12790.0,"W. CAROLINE ISLANDS, MICRONESIA"
2017-12-08T09:51:10.300000Z,140.1315,10.009,6.4,20270.0,"W. CAROLINE ISLANDS, MICRONESIA"
2017-12-09T15:14:24.770000Z,140.2016,10.0928,6.1,10000.0,"W. CAROLINE ISLANDS, MICRONESIA"
2017-12-13T18:03:42.790000Z,2.1681,-54.2177,6.5,10000.0,BOUVET ISLAND REGION
2018-01-10T02:51:31.860000Z,-83.5193,17.4743,7.5,10000.0,NORTH OF HONDURAS
2018-01-14T09:18:45.540000Z,-74.7095,-15.7589,7.1,39000.0,NEAR COAST OF PERU
2018-01-19T16:17:42.570000Z,-111.107,26.6795,6.3,10000.0,GULF OF CALIFORNIA
2018-01-21T01:06:42.890000Z,-69.4564,-18.8524,6.3,116000.0,NORTHERN CHILE
2018-01-23T09:31:42.940000Z,-149.0728,56.0464,7.9,25000.0,GULF OF ALASKA
2018-01-26T22:47:57.760000Z,145.8477,-3.5138,6.3,10000.0,"NEAR N COAST OF NEW GUINEA, PNG."
2018-01-28T16:03:03.970000Z,9.6842,-53.0623,6.6,10000.0,SOUTHWEST OF AFRICA
2018-02-01T11:05:50.540000Z,-177.3954,-16.645,6.0,10000.0,FIJI ISLANDS REGION
2018-02-02T11:37:53.320000Z,-175.635,-65.8111,6.0,10000.0,PACIFIC-ANTARCTIC RIDGE
2018-02-11T23:14:15.080000Z,146.4377,13.8205,6.0,10000.0,SOUTH OF MARIANA ISLANDS
2018-02-16T23:39:39.700000Z,-97.9789,16.3887,7.2,25980.0,"OAXACA, MEXICO"
2018-02-25T17:44:44.070000Z,142.7703,-6.0529,7.5,24430.0,"NEW GUINEA, PAPUA NEW GUINEA"
2018-02-26T08:26:59.340000Z,143.2706,-6.4274,6.0,23640.0,"NEW GUINEA, PAPUA NEW GUINEA"
2018-02-26T13:34:53.750000Z,126.7272,-2.7629,6.1,9910.0,CERAM SEA
2018-02-26T15:18:00.280000Z,143.255,-6.5052,6.3,19000.0,"NEW GUINEA, PAPUA NEW GUINEA"
2018-02-27T17:29:22.580000Z,150.7793,-60.2494,6.1,10000.0,WEST OF MACQUARIE ISLAND
2018-02-28T02:45:45.450000Z,142.4795,-6.1673,6.1,16000.0,"NEW GUINEA, PAPUA NEW GUINEA"
2018-03-04T19:56:17.880000Z,142.594,-6.3327,6.0,10000.0,"NEW GUINEA, PAPUA NEW GUINEA"
2018-03-06T14:13:06.020000Z,142.6127,-6.2933,6.7,10000.0,"NEW GUINEA, PAPUA NEW GUINEA"
2018-03-08T17:39:51.130000Z,153.1874,-4.3853,6.8,22530.0,"NEW IRELAND REGION, P.N.G."
2018-03-24T11:23:32.050000Z,151.4971,-5.4959,6.3,33000.0,"NEW BRITAIN REGION, P.N.G."
2018-03-24T19:58:33.380000Z,96.0692,-45.7783,6.0,10000.0,SOUTHEAST INDIAN RIDGE
2018-03-25T20:14:47.710000Z,129.8138,-6.6247,6.4,169000.0,BANDA SEA
2018-03-26T09:51:00.700000Z,151.396,-5.4617,6.6,39970.0,"NEW BRITAIN REGION, P.N.G."
2018-03-29T21:25:36.860000Z,151.5068,-5.4954,6.9,35000.0,"NEW BRITAIN REGION, P.N.G."
2018-04-02T05:57:31.830000Z,-176.6055,-24.8965,6.1,83520.0,SOUTH OF FIJI ISLANDS
2018-04-02T13:40:34.840000Z,-63.0058,-20.6588,6.8,559000.0,SOUTHERN BOLIVIA
2018-04-05T03:53:38.410000Z,126.7785,6.8325,6.0,34000.0,"MINDANAO, PHILIPPINES"
2018-04-07T05:48:39.950000Z,142.5282,-5.8411,6.3,17590.0,"NEW GUINEA, PAPUA NEW GUINEA"
2018-04-10T10:19:34.030000Z,-71.5566,-30.9862,6.2,76080.0,NEAR COAST OF CENTRAL CHILE
2018-04-15T19:30:43.200000Z,126.8759,1.4083,6.0,34000.0,NORTHERN MOLUCCA SEA
2018-04-19T21:09:17.000000Z,42.1877,-42.7797,6.0,10000.0,PRINCE EDWARD ISLANDS REGION
2018-05-02T06:32:48.880000Z,-111.6536,-24.2596,6.0,10000.0,EASTER ISLAND REGION
2018-05-04T22:32:54.370000Z,-154.9975,19.3127,6.9,2060.0,HAWAII
2018-05-09T07:57:55.250000Z,151.7962,-5.8916,6.0,10000.0,"NEW BRITAIN REGION, P.N.G."
2018-05-18T01:45:31.300000Z,-178.4141,-34.5893,6.1,10000.0,SOUTH OF KERMADEC ISLANDS
2018-06-21T21:13:32.650000Z,168.0564,-17.7964,6.1,28000.0,VANUATU ISLANDS
2018-07-07T21:33:49.630000Z,-178.0715,-30.5668,6.0,35000.0,"KERMADEC ISLANDS, NEW ZEALAND"
2018-07-13T09:46:49.640000Z,169.0224,-18.9332,6.4,169160.0,VANUATU ISLANDS
2018-07-17T07:02:53.020000Z,166.432,-11.5936,6.0,37960.0,SANTA CRUZ ISLANDS
2018-07-19T18:30:32.710000Z,148.7302,-6.1139,6.0,29620.0,"NEW BRITAIN REGION, P.N.G."
2018-07-28T17:07:23.370000Z,122.7474,-7.1221,6.0,577480.0,FLORES SEA
2018-07-28T22:47:38.740000Z,116.508,-8.2395,6.4,14000.0,"SUMBAWA REGION, INDONESIA"
2018-08-05T11:46:38.190000Z,116.4363,-8.2597,6.9,31000.0,"SUMBAWA REGION, INDONESIA"
2018-08-14T03:29:53.440000Z,-25.2588,-58.1107,6.1,35000.0,SOUTH SANDWICH ISLANDS REGION
2018-08-15T21:56:54.360000Z,-178.0516,51.4215,6.6,20000.0,"ANDREANOF ISLANDS, ALEUTIAN IS."
2018-08-16T18:22:53.360000Z,143.3187,23.4226,6.3,20000.0,"VOLCANO ISLANDS, JAPAN REGION"
2018-08-17T15:35:01.870000Z,119.8341,-7.4263,6.5,529000.0,FLORES SEA
2018-08-17T23:22:24.900000Z,-83.1531,8.7694,6.1,15000.0,COSTA RICA
2018-08-19T00:19:40.670000Z,-178.1536,-18.1125,8.2,600000.0,FIJI ISLANDS REGION
2018-08-19T00:23:06.180000Z,-177.6404,-18.4447,6.3,575760.0,FIJI ISLANDS REGION
2018-08-19T04:10:23.490000Z,116.5982,-8.3298,6.3,21410.0,"SUMBAWA REGION, INDONESIA"
2018-08-19T04:28:58.700000Z,-178.0332,-16.9783,6.8,415600.0,FIJI ISLANDS REGION
2018-08-19T14:56:28.030000Z,116.6312,-8.3303,6.9,25210.0,"SUMBAWA REGION, INDONESIA"
2018-08-21T21:31:47.540000Z,-62.907,10.7791,7.3,146180.0,NEAR COAST OF VENEZUELA
2018-08-21T22:32:26.850000Z,168.1307,-16.0248,6.5,11140.0,VANUATU ISLANDS
2018-08-22T09:31:47.050000Z,-127.6031,43.6449,6.2,10000.0,OFF COAST OF OREGON
2018-08-23T03:35:15.950000Z,-177.881,51.5106,6.0,43910.0,"ANDREANOF ISLANDS, ALEUTIAN IS."
2018-08-24T09:04:06.780000Z,-70.8169,-11.0424,7.1,609480.0,PERU-BRAZIL BORDER REGION
2018-08-28T07:08:11.270000Z,124.1187,-10.8859,6.2,14000.0,TIMOR REGION
2018-08-28T22:35:13.410000Z,146.8395,16.8044,6.4,55000.0,MARIANA ISLANDS
2018-08-29T03:51:56.940000Z,170.0502,-22.0663,7.1,26680.0,SOUTHEAST OF LOYALTY ISLANDS
2018-09-06T15:49:14.420000Z,179.3555,-18.4952,7.9,617870.0,FIJI ISLANDS
2018-09-07T02:12:04.350000Z,-78.8955,-2.3453,6.2,93530.0,ECUADOR
2018-09-09T19:31:35.090000Z,161.5025,-10.0207,6.5,68000.0,SOLOMON ISLANDS
2018-09-10T04:19:02.630000Z,-179.3728,-31.7447,6.9,115000.0,KERMADEC ISLANDS REGION
2018-09-10T19:31:37.420000Z,170.1584,-21.988,6.3,12000.0,SOUTHEAST OF LOYALTY ISLANDS
2018-09-16T21:11:48.820000Z,178.2059,-25.421,6.5,576000.0,SOUTH OF FIJI ISLANDS
2018-09-30T10:52:24.240000Z,-178.0788,-18.3465,6.7,564130.0,FIJI ISLANDS REGION
2018-10-01T23:59:42.730000Z,120.2417,-10.5574,6.0,29000.0,"SUMBA REGION, INDONESIA"
2018-10-10T18:44:55.280000Z,114.4555,-7.453,6.0,9000.0,BALI SEA
2018-10-10T20:45:26.530000Z,151.3241,-5.7498,6.1,53140.0,"NEW BRITAIN REGION, P.N.G."
2018-10-10T20:48:20.750000Z,151.2197,-5.7078,7.0,45050.0,"NEW BRITAIN REGION, P.N.G."
2018-10-10T22:00:34.500000Z,151.7231,-4.9624,6.2,121000.0,"NEW BRITAIN REGION, P.N.G."
2018-10-16T00:28:12.710000Z,169.4899,-21.9362,6.3,10000.0,SOUTHEAST OF LOYALTY ISLANDS
2018-10-16T01:03:43.090000Z,169.4867,-21.726,6.4,10000.0,SOUTHEAST OF LOYALTY ISLANDS
2018-10-22T05:39:40.330000Z,-129.4783,49.2496,6.6,10960.0,"VANCOUVER ISLAND, CANADA REGION"
2018-10-22T06:16:28.160000Z,-129.2135,49.3468,6.8,10000.0,"VANCOUVER ISLAND, CANADA REGION"
2018-10-22T06:22:48.810000Z,-129.6725,49.3142,6.5,10000.0,"VANCOUVER ISLAND, CANADA REGION"
2018-10-28T22:23:54.080000Z,-90.3848,12.9489,6.1,24690.0,OFF COAST OF CENTRAL AMERICA
2018-10-29T06:54:21.440000Z,-66.4086,-57.4045,6.3,10000.0,DRAKE PASSAGE
2018-10-30T02:13:39.550000Z,174.9766,-39.0541,6.1,227280.0,"NORTH ISLAND, NEW ZEALAND"
2018-11-01T22:19:51.540000Z,-69.2923,-19.5882,6.2,102000.0,NORTHERN CHILE
2018-11-10T08:33:21.140000Z,-174.0081,-20.4538,6.1,35000.0,TONGA ISLANDS
2018-11-11T14:03:59.560000Z,-49.8719,15.5653,6.3,10000.0,NORTH ATLANTIC OCEAN
2018-11-15T20:02:22.920000Z,-25.546,-56.7065,6.4,15000.0,SOUTH SANDWICH ISLANDS REGION
2018-11-16T03:26:55.400000Z,163.1581,-10.5489,6.1,8840.0,SOLOMON ISLANDS
2018-11-18T20:25:46.590000Z,-178.9273,-17.8735,6.8,540000.0,FIJI ISLANDS REGION
2018-11-25T03:40:50.810000Z,-81.0931,13.1817,6.0,10000.0,CARIBBEAN SEA
2018-12-01T13:27:21.080000Z,128.7065,-7.3841,6.4,136000.0,BANDA SEA
2018-12-05T04:14:36.470000Z,169.3156,-21.9814,6.0,10000.0,SOUTHEAST OF LOYALTY ISLANDS
2018-12-05T04:18:08.400000Z,169.4179,-21.9568,7.5,10000.0,SOUTHEAST OF LOYALTY ISLANDS
2018-12-05T06:43:04.120000Z,169.6677,-22.0502,6.6,10000.0,SOUTHEAST OF LOYALTY ISLANDS
2018-12-11T02:26:32.730000Z,-26.4656,-58.5981,7.1,164660.0,SOUTH SANDWICH ISLANDS REGION
2018-12-16T09:42:37.200000Z,140.2323,-3.9226,6.1,61970.0,"IRIAN JAYA, INDONESIA"
2018-12-19T01:37:40.500000Z,-101.0723,-36.1378,6.3,10000.0,SOUTHEAST OF EASTER ISLAND
2018-12-22T14:25:01.220000Z,166.8116,-13.394,6.0,42000.0,VANUATU ISLANDS
2018-12-23T23:08:43.340000Z,-175.0923,-20.2873,6.4,113000.0,TONGA ISLANDS
2018-12-29T03:39:09.740000Z,126.9209,5.8983,7.0,60210.0,"MINDANAO, PHILIPPINES"
2018-12-31T02:35:37.670000Z,-161.5131,54.4266,6.0,31000.0,ALASKA PENINSULA
2019-01-05T19:25:38.580000Z,-71.5834,-8.1486,6.8,571180.0,WESTERN BRAZIL
2019-01-06T17:27:20.670000Z,126.7361,2.2414,6.6,60000.0,NORTHERN MOLUCCA SEA
2019-01-15T18:06:34.290000Z,166.8787,-13.3312,6.6,35000.0,VANUATU ISLANDS
2019-01-17T15:06:35.640000Z,146.3564,-3.2525,6.2,10000.0,BISMARCK SEA
2019-01-18T13:18:32.330000Z,168.6329,-19.2079,6.0,45060.0,VANUATU ISLANDS
2019-01-20T01:32:51.850000Z,-71.4202,-30.071,6.7,54820.0,NEAR COAST OF CENTRAL CHILE
2019-01-21T23:59:22.600000Z,119.1472,-10.3113,6.0,16770.0,"SUMBA REGION, INDONESIA"
2019-01-22T05:10:03.670000Z,119.0309,-10.4663,6.4,27010.0,"SUMBA REGION, INDONESIA"
2019-01-22T19:01:43.580000Z,42.3568,-43.1219,6.7,13000.0,PRINCE EDWARD ISLANDS REGION
2019-01-26T03:51:38.430000Z,156.3109,-7.0194,6.2,361920.0,SOLOMON ISLANDS
2019-01-26T19:56:44.070000Z,-178.9592,-21.0475,6.2,588000.0,FIJI ISLANDS REGION
2019-02-01T16:14:13.090000Z,-92.2981,14.7628,6.6,67930.0,"NEAR COAST OF CHIAPAS, MEXICO"
2019-02-12T12:34:16.500000Z,145.7965,19.02,6.0,144320.0,MARIANA ISLANDS
2019-02-17T14:35:55.840000Z,152.1319,-3.3412,6.4,368120.0,"NEW IRELAND REGION, P.N.G."
2019-02-22T10:17:22.410000Z,-77.0231,-2.199,7.5,132360.0,PERU-ECUADOR BORDER REGION
2019-03-01T08:50:42.620000Z,-70.135,-14.7016,7.0,267000.0,CENTRAL PERU
2019-03-06T15:46:14.900000Z,-177.8845,-32.0238,6.4,29000.0,SOUTH OF KERMADEC ISLANDS
2019-03-10T08:12:26.420000Z,-178.5889,-17.8512,6.2,578680.0,FIJI ISLANDS REGION
2019-03-10T12:48:03.690000Z,152.0549,-10.1395,6.1,30000.0,D'ENTRECASTEAUX ISLANDS REGION
2019-03-15T05:03:50.060000Z,-65.9072,-17.8744,6.3,359000.0,CENTRAL BOLIVIA
2019-03-20T15:23:58.680000Z,167.6551,-15.5965,6.3,119000.0,VANUATU ISLANDS
2019-03-23T19:21:18.010000Z,-76.2231,4.5629,6.1,122000.0,COLOMBIA
2019-03-24T04:37:35.909000Z,126.38,1.6617,6.1,45000.0,NORTHERN MOLUCCA SEA
2019-03-30T11:20:42.559000Z,151.1053,-5.7003,6.2,41000.0,"NEW BRITAIN REGION, P.N.G."
2019-03-31T07:04:04.800000Z,-80.8089,-1.944,6.2,18000.0,NEAR COAST OF ECUADOR
2019-04-05T16:14:16.754000Z,-27.856,-55.9206,6.4,58600.0,SOUTH SANDWICH ISLANDS REGION
2019-04-06T21:55:01.624000Z,125.014,-6.8492,6.3,539000.0,BANDA SEA
2019-04-09T17:53:59.096000Z,-25.2559,-58.6064,6.5,44830.0,SOUTH SANDWICH ISLANDS REGION
2019-04-12T11:40:49.886000Z,122.5527,-1.8518,6.8,17480.0,"SULAWESI, INDONESIA"
2019-04-18T14:46:01.901000Z,139.4904,-51.0555,6.5,10000.0,WESTERN INDIAN-ANTARCTIC RIDGE
2019-04-22T14:49:05.376000Z,-27.3509,-56.2633,6.0,79000.0,SOUTH SANDWICH ISLANDS REGION
2019-04-23T14:20:17.830000Z,-178.7639,-24.7059,6.0,385580.0,SOUTH OF FIJI ISLANDS
2019-05-03T07:25:29.171000Z,160.1389,-6.928,6.2,10000.0,SOLOMON ISLANDS
2019-05-06T21:19:37.981000Z,146.4505,-6.973,7.1,146000.0,"EASTERN NEW GUINEA REG., P.N.G."
2019-05-12T19:24:50.395000Z,-82.8326,8.6227,6.0,19000.0,PANAMA-COSTA RICA BORDER REGION
2019-05-14T12:58:26.074000Z,152.5694,-4.081,7.5,10000.0,"NEW BRITAIN REGION, P.N.G."
2019-05-19T01:23:29.151000Z,169.7779,-21.6619,6.3,20000.0,SOUTHEAST OF LOYALTY ISLANDS
2019-05-19T14:27:12.394000Z,169.5741,-21.7384,6.0,19950.0,SOUTHEAST OF LOYALTY ISLANDS
2019-05-19T14:56:50.691000Z,169.4692,-21.6074,6.3,20000.0,SOUTHEAST OF LOYALTY ISLANDS
2019-05-23T08:45:17.746000Z,-178.2387,51.3078,6.1,30000.0,"ANDREANOF ISLANDS, ALEUTIAN IS."
2019-05-26T07:41:15.058000Z,-75.2775,-5.8132,8.0,122400.0,NORTHERN PERU
2019-05-30T09:03:28.971000Z,-89.3663,13.1462,6.6,25000.0,EL SALVADOR
2019-05-30T15:38:01.451000Z,-176.3171,-21.7541,6.0,177850.0,FIJI ISLANDS REGION
2019-05-31T10:12:32.135000Z,126.5518,6.2643,6.1,90210.0,"MINDANAO, PHILIPPINES"
2019-06-02T10:36:29.659000Z,-173.9076,-21.2091,6.0,10000.0,TONGA ISLANDS
2019-06-14T00:19:12.401000Z,-72.0819,-30.0557,6.4,11000.0,OFF COAST OF CENTRAL CHILE
2019-06-15T21:56:10.835000Z,-174.169,-21.1807,6.1,13000.0,TONGA ISLANDS
2019-06-15T22:55:04.132000Z,-178.106,-30.644,7.3,46000.0,"KERMADEC ISLANDS, NEW ZEALAND"
2019-06-16T05:17:16.244000Z,-178.0827,-31.069,6.3,31520.0,KERMADEC ISLANDS REGION
2019-06-17T06:02:05.750000Z,-177.5972,-30.9381,6.0,16000.0,"KERMADEC ISLANDS, NEW ZEALAND"
2019-06-19T07:01:42.801000Z,-177.787,-30.6004,6.4,10000.0,"KERMADEC ISLANDS, NEW ZEALAND"
2019-06-19T17:24:48.833000Z,138.4599,-2.243,6.3,10000.0,"IRIAN JAYA, INDONESIA"
2019-06-21T08:37:16.951000Z,-177.4658,-30.8598,6.3,14000.0,"KERMADEC ISLANDS, NEW ZEALAND"
2019-06-24T01:05:29.464000Z,138.5675,-2.7756,6.1,28000.0,"IRIAN JAYA, INDONESIA"
2019-06-24T02:53:39.830000Z,129.1692,-6.4078,7.3,212000.0,BANDA SEA
2019-06-26T05:23:50.890000Z,-82.7677,8.449,6.2,26220.0,PANAMA-COSTA RICA BORDER REGION
2019-06-27T11:04:57.020000Z,-179.2332,-30.3859,6.3,10000.0,KERMADEC ISLANDS REGION
2019-06-28T15:51:31.302000Z,144.3477,19.8515,6.4,410000.0,MARIANA ISLANDS
2019-07-01T17:13:29.073000Z,167.5238,-15.4376,6.0,97090.0,VANUATU ISLANDS
2019-07-04T04:30:44.297000Z,-130.515,51.2215,6.2,10000.0,QUEEN CHARLOTTE ISLANDS REGION
2019-07-04T17:33:49.040000Z,-117.506,35.705167,6.4,10710.0,CENTRAL CALIFORNIA
2019-07-06T03:19:53.040000Z,-117.599333,35.7695,7.1,8000.0,CENTRAL CALIFORNIA
2019-07-07T15:08:40.525000Z,126.1892,0.5126,6.9,35000.0,NORTHERN MOLUCCA SEA
2019-07-11T17:08:37.977000Z,155.2241,-4.6408,6.0,495170.0,SOLOMON ISLANDS
2019-07-14T05:39:23.427000Z,120.3574,-18.2237,6.6,10000.0,WESTERN AUSTRALIA
2019-07-14T09:10:50.533000Z,128.0931,-0.529,7.3,10000.0,"HALMAHERA, INDONESIA"
2019-07-15T08:21:35.928000Z,149.5517,-5.9904,6.2,58970.0,"NEW BRITAIN REGION, P.N.G."
2019-07-23T10:33:24.010000Z,154.063,-61.2936,6.0,10000.0,BALLENY ISLANDS REGION
2019-07-31T15:02:33.853000Z,167.9982,-16.1985,6.6,181000.0,VANUATU ISLANDS
2019-08-01T18:28:07.272000Z,-72.3079,-34.2367,6.8,25000.0,NEAR COAST OF CENTRAL CHILE
2019-08-20T13:03:52.574000Z,166.2991,-11.3537,6.0,36880.0,SANTA CRUZ ISLANDS
2019-08-21T14:28:25.652000Z,139.324,-50.3302,6.0,10000.0,WESTERN INDIAN-ANTARCTIC RIDGE
2019-08-24T15:51:27.014000Z,167.1983,-14.2896,6.0,115000.0,VANUATU ISLANDS
2019-08-27T23:55:19.187000Z,-26.5801,-60.2152,6.6,16000.0,SOUTH SANDWICH ISLANDS REGION
2019-08-29T15:07:57.794000Z,-127.8761,43.5436,6.3,4740.0,OFF COAST OF OREGON
2019-09-01T15:54:20.411000Z,-178.567,-20.3599,6.6,591000.0,FIJI ISLANDS REGION
2019-09-24T03:23:40.000000Z,-67.2701,19.077,6.0,10000.0,MONA PASSAGE
2019-09-25T23:46:43.029000Z,128.3683,-3.46,6.5,8970.0,"SERAM, INDONESIA"
2019-09-26T16:36:18.134000Z,-72.0019,-40.8152,6.1,129000.0,CENTRAL CHILE
2019-09-27T12:05:02.386000Z,-177.8611,-30.1755,6.1,33000.0,"KERMADEC ISLANDS, NEW ZEALAND"
2019-09-29T02:02:51.935000Z,126.5495,5.6929,6.2,73000.0,"MINDANAO, PHILIPPINES"
2019-09-29T15:57:53.236000Z,-73.1631,-35.4756,6.7,11000.0,OFF COAST OF CENTRAL CHILE
2019-10-21T02:52:29.674000Z,169.4883,-19.0184,6.4,231000.0,VANUATU ISLANDS
2019-11-02T18:08:41.079000Z,-26.2338,-55.6659,6.1,8000.0,SOUTH SANDWICH ISLANDS REGION
2019-11-04T21:53:25.320000Z,-71.3753,-31.8362,6.1,53000.0,NEAR COAST OF CENTRAL CHILE
2019-11-04T22:43:32.280000Z,-175.272,-18.5747,6.6,10000.0,TONGA ISLANDS
2019-11-05T20:52:01.296000Z,-9.2701,-57.9643,6.3,10000.0,EAST OF SOUTH SANDWICH ISLANDS
2019-11-05T23:17:25.042000Z,167.7404,-13.8056,6.0,10000.0,VANUATU ISLANDS
2019-11-06T00:39:09.303000Z,167.8086,-13.7208,6.0,10000.0,VANUATU ISLANDS
2019-11-08T10:44:44.876000Z,-179.4911,-21.9688,6.5,582920.0,FIJI ISLANDS REGION
2019-11-11T23:03:28.056000Z,-175.3598,-18.8857,6.1,10000.0,TONGA ISLANDS
2019-11-14T16:17:40.582000Z,126.414,1.6199,7.1,33000.0,NORTHERN MOLUCCA SEA
2019-11-14T21:12:54.750000Z,126.4136,1.5673,6.0,23000.0,NORTHERN MOLUCCA SEA
2019-11-20T04:27:05.120000Z,-93.2133,13.8855,6.3,14160.0,"OFF COAST OF CHIAPAS, MEXICO"
2019-11-23T12:11:15.564000Z,132.8148,1.6436,6.2,5000.0,"IRIAN JAYA REGION, INDONESIA"
2019-11-24T00:54:01.052000Z,-175.5108,51.3809,6.3,20000.0,"ANDREANOF ISLANDS, ALEUTIAN IS."
2019-12-02T05:01:54.817000Z,-178.1011,51.1862,6.0,28000.0,"ANDREANOF ISLANDS, ALEUTIAN IS."
2019-12-03T08:46:36.374000Z,-70.6504,-18.5597,6.0,32440.0,NEAR COAST OF NORTHERN CHILE
2019-12-04T20:10:03.595000Z,169.5748,-19.0677,6.0,266000.0,VANUATU ISLANDS
2019-12-06T13:04:46.931000Z,-175.1193,-15.2838,6.0,10000.0,TONGA ISLANDS
2019-12-14T04:57:34.937000Z,167.7089,-14.3628,6.0,7510.0,VANUATU ISLANDS
2019-12-23T19:49:43.101000Z,-129.9268,50.6077,6.0,10000.0,"VANCOUVER ISLAND, CANADA REGION"
2019-12-23T20:56:23.555000Z,-129.7573,50.5169,6.0,10000.0,"VANCOUVER ISLAND, CANADA REGION"
2019-12-24T16:43:33.782000Z,-63.3748,-26.9915,6.0,581630.0,"SANTIAGO DEL ESTERO PROV., ARG."
2019-12-24T19:03:52.514000Z,-74.0501,3.5273,6.0,11000.0,COLOMBIA
2019-12-25T03:36:01.578000Z,-129.9656,50.6081,6.3,6380.0,"VANCOUVER ISLAND, CANADA REGION"
2020-01-07T08:24:25.143000Z,-66.828,17.8672,6.4,8070.0,PUERTO RICO REGION
2020-01-07T19:11:35.665000Z,151.2659,-5.2046,6.0,117000.0,"NEW BRITAIN REGION, P.N.G."
2020-01-18T16:38:14.384000Z,139.327,-2.8617,6.0,44000.0,NEAR NORTH COAST OF IRIAN JAYA
2020-01-19T16:58:20.002000Z,123.8025,-0.1042,6.1,121720.0,"MINAHASSA PENINSULA, SULAWESI"
2020-01-20T06:51:37.820000Z,-26.2889,-59.2287,6.1,93000.0,SOUTH SANDWICH ISLANDS REGION
2020-01-23T05:53:02.618000Z,-177.855,51.9836,6.2,10000.0,"ANDREANOF ISLANDS, ALEUTIAN IS."
2020-01-26T06:31:55.398000Z,-179.8892,51.1338,6.1,17000.0,"ANDREANOF ISLANDS, ALEUTIAN IS."
2020-01-27T05:02:01.704000Z,161.0606,-10.0929,6.3,21000.0,SOLOMON ISLANDS
2020-01-28T19:10:24.963000Z,-78.7582,19.418,7.7,15180.0,CUBA REGION
2020-01-28T21:55:16.420000Z,-80.742,18.9437,6.1,10000.0,NORTH OF HONDURAS
2020-01-29T13:49:49.744000Z,161.2756,-10.418,6.0,85000.0,SOLOMON ISLANDS
2020-02-06T13:40:09.255000Z,126.494,5.469,6.0,43640.0,"MINDANAO, PHILIPPINES"
2020-02-08T14:32:58.625000Z,-25.5526,-59.9212,6.0,16000.0,SOUTH SANDWICH ISLANDS REGION
2020-02-09T06:04:29.967000Z,152.1522,-5.4925,6.1,34000.0,"NEW BRITAIN REGION, P.N.G."
2020-03-14T10:01:16.943000Z,-175.6074,-27.3664,6.4,10000.0,KERMADEC ISLANDS REGION
2020-03-17T16:06:22.370000Z,-172.1911,-16.0252,6.0,10000.0,SAMOA ISLANDS REGION
2020-03-18T03:13:45.742000Z,167.0277,-13.1364,6.1,176000.0,VANUATU ISLANDS
2020-03-18T17:45:39.299000Z,115.1378,-11.0521,6.2,20680.0,"SOUTH OF BALI, INDONESIA"
2020-03-22T22:38:04.810000Z,-104.9519,-4.6744,6.1,10000.0,CENTRAL EAST PACIFIC RISE
2020-03-31T23:52:31.094000Z,-115.1356,44.4603,6.78,14530.0,WESTERN IDAHO
2020-04-05T18:37:10.710000Z,126.4306,1.4204,6.0,38760.0,NORTHERN MOLUCCA SEA
2020-04-12T06:57:47.719000Z,77.4459,-36.9637,6.1,10000.0,MID-INDIAN RIDGE
2020-04-14T01:06:47.913000Z,-176.3478,-30.3889,6.0,31000.0,KERMADEC ISLANDS REGION
2020-04-16T08:04:37.597000Z,-85.7099,16.9332,6.0,10000.0,NORTH OF HONDURAS
2020-04-25T02:53:05.558000Z,154.2794,-6.4943,6.2,12940.0,SOLOMON ISLANDS
2020-05-06T13:53:56.960000Z,129.8613,-6.7949,6.8,107000.0,BANDA SEA
2020-05-07T11:21:19.839000Z,154.7127,-4.4543,6.1,466170.0,SOLOMON ISLANDS
2020-05-12T22:41:12.177000Z,166.6482,-12.0662,6.6,107000.0,SANTA CRUZ ISLANDS
2020-05-15T11:03:27.176000Z,-117.8497,38.1689,6.5,2700.0,NEVADA
2020-05-22T08:46:06.973000Z,-108.1275,22.4152,6.1,10000.0,OFF COAST OF CENTRAL MEXICO
2020-05-27T07:09:10.686000Z,167.8644,-17.1569,6.1,10000.0,VANUATU ISLANDS
2020-05-31T05:09:38.601000Z,-70.7643,-15.3164,6.1,186000.0,SOUTHERN PERU
2020-06-03T07:35:34.844000Z,-68.4217,-23.2955,6.8,96840.0,NORTHERN CHILE
2020-06-03T09:31:37.481000Z,-176.731,-24.6914,6.1,90470.0,SOUTH OF FIJI ISLANDS
2020-06-04T08:49:39.782000Z,128.2477,2.9231,6.4,106860.0,"HALMAHERA, INDONESIA"
2020-06-13T21:08:30.503000Z,145.1116,18.9317,6.2,622000.0,MARIANA ISLANDS
2020-06-18T12:49:53.747000Z,-177.8383,-33.2938,7.4,10000.0,SOUTH OF KERMADEC ISLANDS
2020-06-23T07:43:29.219000Z,123.7866,0.0368,6.0,109000.0,"MINAHASSA PENINSULA, SULAWESI"
2020-06-23T15:29:04.329000Z,-96.0101,15.8829,7.4,20000.0,"NEAR COAST OF OAXACA, MEXICO"
2020-07-06T18:16:18.408000Z,140.2462,12.0787,6.2,10000.0,"W. CAROLINE ISLANDS, MICRONESIA"
2020-07-17T02:50:22.162000Z,147.7754,-7.8386,7.0,73000.0,"EASTERN NEW GUINEA REG., P.N.G."
2020-07-18T15:32:37.220000Z,-172.6977,-15.2462,6.1,16000.0,SAMOA ISLANDS REGION
2020-07-21T20:56:25.167000Z,-178.6325,-20.8045,6.0,605200.0,FIJI ISLANDS REGION
2020-07-22T06:12:44.593000Z,-158.5217,55.0298,7.8,28000.0,ALASKA PENINSULA
2020-07-22T06:16:18.657000Z,-159.0423,54.9322,6.1,17670.0,SOUTH OF ALASKA
2020-07-26T00:53:59.067000Z,-25.4055,-60.7812,6.4,10000.0,SOUTH SANDWICH ISLANDS REGION
2020-07-28T08:03:44.140000Z,-161.1436,54.8674,6.1,41260.0,ALASKA PENINSULA
2020-08-01T19:22:05.198000Z,148.6412,-3.1912,6.1,10000.0,BISMARCK SEA
2020-08-05T12:05:36.264000Z,168.078,-16.0919,6.4,178900.0,VANUATU ISLANDS
2020-08-06T23:36:44.553000Z,42.4486,-41.6794,6.3,10000.0,PRINCE EDWARD ISLANDS REGION
2020-08-21T04:09:52.217000Z,123.4829,-6.6869,6.9,627760.0,BANDA SEA
2020-08-24T21:51:09.715000Z,-84.6396,9.5996,6.0,23310.0,COSTA RICA
2020-08-25T19:02:58.428000Z,151.8642,-5.5603,6.0,23000.0,"NEW BRITAIN REGION, P.N.G."
2020-08-25T19:08:52.908000Z,151.8365,-5.5454,6.2,22000.0,"NEW BRITAIN REGION, P.N.G."
2020-09-01T04:09:28.731000Z,-71.3031,-27.9728,6.8,23000.0,NEAR COAST OF NORTHERN CHILE
2020-09-01T04:30:02.198000Z,-71.2874,-28.0385,6.3,16530.0,NEAR COAST OF CENTRAL CHILE
2020-09-01T21:09:17.626000Z,-71.3716,-27.9154,6.5,14520.0,NEAR COAST OF NORTHERN CHILE
2020-09-06T01:16:58.850000Z,-71.4938,-30.3501,6.3,28240.0,NEAR COAST OF CENTRAL CHILE
2020-09-06T02:59:16.073000Z,167.5321,-17.1562,6.2,10000.0,VANUATU ISLANDS
2020-09-07T06:12:39.710000Z,168.4935,-17.1086,6.0,10000.0,VANUATU ISLANDS
2020-09-11T07:35:57.195000Z,-69.9093,-21.3957,6.2,51000.0,NORTHERN CHILE
2020-09-15T04:12:16.291000Z,179.8689,-15.095,6.0,10000.0,FIJI ISLANDS
2020-09-26T17:10:22.422000Z,31.7636,-48.0314,6.1,10000.0,SOUTH OF AFRICA
2020-10-01T01:13:36.524000Z,-174.1217,-19.5385,6.4,28000.0,TONGA ISLANDS
2020-10-01T10:34:48.481000Z,148.6576,-6.0867,6.0,109220.0,"NEW BRITAIN REGION, P.N.G."
2020-10-06T10:11:46.688000Z,-178.4762,-18.0101,6.0,633920.0,FIJI ISLANDS REGION
2020-10-08T07:35:32.224000Z,146.1686,-6.114,6.3,103490.0,"EASTERN NEW GUINEA REG., P.N.G."
2020-10-19T20:54:39.436000Z,-159.6519,54.6093,7.6,31080.0,SOUTH OF ALASKA
2020-10-23T07:04:30.922000Z,-179.9572,-25.64,6.1,454000.0,SOUTH OF FIJI ISLANDS
2020-11-03T02:40:54.907000Z,-79.3773,-44.4106,6.0,10000.0,OFF COAST OF SOUTHERN CHILE
2020-11-06T23:49:18.964000Z,-58.1635,-62.2446,6.0,10820.0,SOUTH SHETLAND ISLANDS
2020-11-07T09:27:04.694000Z,-173.5473,-15.2735,6.1,28170.0,TONGA ISLANDS
2020-11-11T00:48:44.208000Z,-177.5446,-19.6815,6.0,417000.0,FIJI ISLANDS REGION
2020-11-22T00:54:56.420000Z,-73.0671,-34.5982,6.1,19500.0,OFF COAST OF CENTRAL CHILE
2020-11-30T22:55:03.900000Z,-67.0203,-24.3318,6.3,189000.0,CHILE-ARGENTINA BORDER REGION
2020-12-01T16:22:39.908000Z,-168.2307,52.7516,6.4,23000.0,"FOX ISLANDS, ALEUTIAN ISLANDS"
2020-12-01T20:52:57.066000Z,154.7341,-61.9496,6.0,10000.0,BALLENY ISLANDS REGION
2020-12-06T16:47:42.722000Z,-69.0663,-20.3662,6.1,105000.0,NORTHERN CHILE
2020-12-14T15:20:49.542000Z,-68.7079,-21.8063,6.0,114000.0,CHILE-BOLIVIA BORDER REGION
2020-12-15T23:21:57.778000Z,125.4248,5.1775,6.1,14000.0,"MINDANAO, PHILIPPINES"
2020-12-23T18:11:47.762000Z,133.6362,6.2544,6.1,11000.0,"W. CAROLINE ISLANDS, MICRONESIA"
2020-12-27T21:39:14.804000Z,-74.9881,-39.3374,6.7,10000.0,OFF COAST OF CENTRAL CHILE
2021-01-03T12:38:48.930000Z,-179.8028,51.2327,6.1,21000.0,"ANDREANOF ISLANDS, ALEUTIAN IS."
2021-01-06T06:20:35.938000Z,-177.1885,-28.8796,6.2,37140.0,KERMADEC ISLANDS REGION
2021-01-06T20:59:34.318000Z,122.9532,0.0661,6.1,148000.0,"MINAHASSA PENINSULA, SULAWESI"
2021-01-08T00:28:49.782000Z,-178.7021,-29.4779,6.3,224000.0,"KERMADEC ISLANDS, NEW ZEALAND"
2021-01-08T05:01:04.246000Z,169.8821,-20.7367,6.1,113000.0,VANUATU ISLANDS
2021-01-10T03:54:14.483000Z,-66.5729,-24.0412,6.1,217000.0,"SALTA PROVINCE, ARGENTINA"
2021-01-10T06:48:20.094000Z,167.8826,-16.0347,6.1,160000.0,VANUATU ISLANDS
2021-01-14T18:28:18.081000Z,118.8893,-2.9711,6.2,18000.0,"SULAWESI, INDONESIA"
2021-01-19T02:46:22.293000Z,-68.8059,-31.8304,6.4,20000.0,"SAN JUAN PROVINCE, ARGENTINA"
2021-01-21T12:23:04.237000Z,127.5185,5.0054,7.0,80000.0,PHILIPPINE ISLANDS REGION
2021-01-23T23:36:50.910000Z,-55.4903,-61.8117,6.9,9800.0,SOUTH SHETLAND ISLANDS
2021-02-03T05:23:43.520000Z,-97.8,-36.2797,6.7,10000.0,WEST CHILE RISE
2021-02-07T05:45:51.377000Z,146.1444,-3.3226,6.3,10000.0,BISMARCK SEA
2021-02-10T12:24:21.490000Z,171.6558,-22.8357,6.0,11000.0,SOUTHEAST OF LOYALTY ISLANDS
2021-02-10T13:01:59.148000Z,171.6427,-22.7405,6.1,10000.0,SOUTHEAST OF LOYALTY ISLANDS
2021-02-10T13:19:55.532000Z,171.657,-23.0508,7.7,10000.0,SOUTHEAST OF LOYALTY ISLANDS
2021-02-10T16:35:22.999000Z,171.173,-22.8106,6.1,11690.0,SOUTHEAST OF LOYALTY ISLANDS
2021-02-10T21:24:00.835000Z,171.5876,-23.1944,6.2,12000.0,SOUTHEAST OF LOYALTY ISLANDS
2021-02-11T06:52:28.086000Z,171.8212,-23.4143,6.0,10000.0,SOUTHEAST OF LOYALTY ISLANDS
2021-02-16T00:49:24.078000Z,167.5901,-17.8192,6.2,5590.0,VANUATU ISLANDS
2021-02-16T00:49:28.000000Z,-167.8,-17.8,6.7,14000.0,TONGA ISLANDS REGION
2021-02-17T22:49:38.110000Z,171.7786,-23.184,6.1,12000.0,SOUTHEAST OF LOYALTY ISLANDS
2021-02-18T06:37:30.728000Z,168.0652,-18.9495,6.1,14000.0,VANUATU ISLANDS
2021-02-18T15:30:47.784000Z,-176.7452,-14.8457,6.1,2410.0,FIJI ISLANDS REGION
2021-03-04T13:27:35.784000Z,179.3584,-37.5431,7.3,15480.0,"OFF E. COAST OF N. ISLAND, N.Z."
2021-03-04T16:53:11.176000Z,167.32,-14.464,6.1,173300.0,VANUATU ISLANDS
2021-03-04T17:41:23.379000Z,-177.8415,-29.6762,7.4,43000.0,"KERMADEC ISLANDS, NEW ZEALAND"
2021-03-04T19:28:33.176000Z,-177.2791,-29.7226,8.1,28940.0,"KERMADEC ISLANDS, NEW ZEALAND"
2021-03-04T20:25:06.406000Z,-176.6895,-28.3867,6.1,10000.0,KERMADEC ISLANDS REGION
2021-03-04T23:13:00.557000Z,-176.6398,-28.4843,6.1,25000.0,KERMADEC ISLANDS REGION
2021-03-05T02:30:36.279000Z,-176.5578,-28.749,6.3,17000.0,KERMADEC ISLANDS REGION
2021-03-05T14:24:52.640000Z,-176.5961,-28.9144,6.2,14000.0,KERMADEC ISLANDS REGION
2021-03-06T00:16:22.185000Z,179.6102,-37.6099,6.3,13000.0,"OFF E. COAST OF N. ISLAND, N.Z."
2021-03-06T07:16:29.320000Z,-177.0026,-28.621,6.1,10000.0,KERMADEC ISLANDS REGION
2021-03-06T10:34:47.041000Z,-177.6936,-28.4272,6.2,10000.0,KERMADEC ISLANDS REGION
2021-03-06T12:05:23.693000Z,-177.8739,-28.3565,6.2,15000.0,KERMADEC ISLANDS REGION
2021-03-06T13:12:05.457000Z,-177.6224,-28.2884,6.1,10000.0,KERMADEC ISLANDS REGION
2021-03-13T21:21:58.513000Z,-176.6448,-28.1479,6.0,14000.0,KERMADEC ISLANDS REGION
2021-03-14T12:05:13.343000Z,-29.4687,-59.883,6.0,10000.0,SOUTH SANDWICH ISLANDS REGION
2021-03-20T05:19:31.865000Z,150.3277,-59.6179,6.0,10000.0,WEST OF MACQUARIE ISLAND
2021-04-01T09:56:37.576000Z,-177.6507,-29.9502,6.5,20000.0,"KERMADEC ISLANDS, NEW ZEALAND"
2021-04-01T15:11:18.213000Z,-179.3796,-21.8006,6.0,595000.0,FIJI ISLANDS REGION
2021-04-03T01:16:39.455000Z,-7.843,-58.0139,6.6,10000.0,EAST OF SOUTH SANDWICH ISLANDS
2021-04-05T07:37:50.686000Z,179.6745,-37.5205,6.0,10000.0,"OFF E. COAST OF N. ISLAND, N.Z."
2021-04-07T09:53:29.653000Z,-176.6124,-29.0489,6.1,18000.0,KERMADEC ISLANDS REGION
2021-04-10T07:00:15.499000Z,112.5149,-8.5528,6.0,67000.0,"JAVA, INDONESIA"
2021-04-10T09:30:43.294000Z,124.6588,4.1034,6.1,300000.0,CELEBES SEA
2021-04-10T11:38:31.527000Z,145.7324,-3.4431,6.0,9000.0,"NEAR N COAST OF NEW GUINEA, PNG."
2021-04-24T00:23:38.135000Z,-176.2536,-18.8773,6.5,301000.0,FIJI ISLANDS REGION
2021-04-25T22:28:02.226000Z,-177.1205,-21.5917,6.4,246000.0,FIJI ISLANDS REGION
2021-04-27T08:05:31.715000Z,145.5163,-3.408,6.1,10000.0,"NEAR N COAST OF NEW GUINEA, PNG."
2021-04-29T06:50:26.915000Z,-176.3205,-29.339,6.1,10000.0,KERMADEC ISLANDS REGION
2021-05-07T15:21:13.733000Z,144.1948,-54.4068,6.0,10000.0,WEST OF MACQUARIE ISLAND
2021-05-07T23:35:14.938000Z,-177.5658,-18.7443,6.1,384000.0,FIJI ISLANDS REGION
2021-05-12T08:45:45.457000Z,-90.2668,13.2732,6.0,22000.0,NEAR COAST OF GUATEMALA
2021-05-13T09:42:12.044000Z,-82.4136,6.7138,6.0,10000.0,SOUTH OF PANAMA
2021-05-21T22:13:18.379000Z,-177.3725,-16.6009,6.5,10000.0,FIJI ISLANDS REGION
2021-06-03T10:09:58.444000Z,126.3003,0.3164,6.1,26000.0,NORTHERN MOLUCCA SEA
2021-06-20T17:05:50.681000Z,-177.8449,-30.2162,6.5,25000.0,"KERMADEC ISLANDS, NEW ZEALAND"
