station,event,baz
BAUR,20161124_184348,309.564845464
BAUR,20180216_233939,320.14555787
BAUR,20180819_001940,69.7863158096
BAUR,20180906_154914,72.4900111531
BAUR,20200717_025022,86.5808061503
BAUR,20140316_211628,270.14159617
BAUR,20140708_125625,80.5935240428
BAUR,20150916_140322,82.6330008757
BAUR,20131201_012415,98.6638958405
BAUR,20130715_140341,210.405832439
BAUR,20131117_090456,217.23233432
BAUR,20151217_194953,315.991128832
BAUR,20160725_193845,82.6315446404
BAUR,20170614_072905,314.101667745
BAUR,20180308_173951,80.1769981662
BAUR,20180509_075755,82.3191082845
BAUR,20190201_161413,314.236460813
BAUR,20190409_175359,212.543065404
BAUR,20171024_104747,102.37144578
BAUR,20180821_213147,289.26624069
BAUR,20190619_172448,88.4722975633
ARZA,20140316_211628,270.279244645
ARZA,20170218_121017,264.01180616
ARZA,20200603_073534,265.630105833
ARZA,20201206_164742,268.841925744
ARZA,20190222_101722,290.251606009
ARZA,20200717_025022,87.2736572996
ARZA,20120321_221505,87.1671266938
ARZA,20140316_211628,270.279244645
ARZA,20140510_073600,323.73701506
ARZA,20140629_075256,216.550977126
ARZA,20140707_112354,314.860124151
ARZA,20140824_232141,277.260015365
ARZA,20140824_232143,277.137555392
ARZA,20150123_034727,80.9138953208
ARZA,20150211_185720,264.777705303
ARZA,20150610_135208,266.506236191
ARZA,20150916_140322,83.3568420327
ARZA,20121210_165309,97.8358384202
ARZA,20130406_044236,89.9648540037
ARZA,20131201_012415,99.1804526582
ARZA,20140113_040104,298.30645296
ARZA,20111214_050457,87.6608822664
ARZA,20130707_183531,80.1089357118
ARZA,20140413_123619,80.5751943314
ARZA,20150211_185720,264.777705303
ARZA,20150916_225432,258.845787283
ARZA,20160518_164643,294.369661773
ARZA,20170614_072905,314.606819354
ARZA,20180308_173951,80.910229235
ARZA,20180509_075755,83.0459277364
ARZA,20181205_041436,85.3942797034
ARZA,20190201_161413,314.742237121
ARZA,20190217_143555,80.8170366835
ARZA,20190530_090328,311.244153723
ARZA,20200603_073534,265.630105833
ARZA,20200901_040928,262.584338739
ARZA,20201130_225503,263.77259992
ARZA,20151104_034415,102.472196709
ARZA,20151204_222500,153.816210255
ARZA,20171024_104747,102.855927287
ARZA,20180325_201447,97.9678463755
ARZA,20180821_213147,289.743050441
ARZA,20200821_040952,102.152529623
TSAP,20140316_211628,270.800014712
TSAP,20140924_111613,264.520856959
TSAP,20140316_211628,270.800014712
TSAP,20140411_202913,308.236383419
TSAP,20140824_232141,277.833568912
TSAP,20140824_232143,277.710225906
TSAP,20130416_225527,87.7031403819
TSAP,20140218_092714,290.503444245
TSAP,20131117_090456,217.309437929
TSAP,20141014_035137,310.521915813
LICH,20140316_211628,270.508448858
LICH,20140403_015829,269.994864554
LICH,20180110_025131,309.506064458
LICH,20131016_103100,81.5787220463
LICH,20140316_211628,270.508448858
LICH,20140411_202913,307.813435871
LICH,20140707_112354,315.158929583
LICH,20150916_140322,83.5845925607
LICH,20121012_003131,94.1076356648
LICH,20121210_165309,98.0572619526
LICH,20130406_044236,90.1857918489
LICH,20131201_012415,99.4024963178
LICH,20140113_040104,298.53554913
LICH,20121107_163549,314.401810668
LICH,20140412_201438,80.5060750864
LICH,20170614_072905,314.903513692
LICH,20170713_033608,81.4395703656
LICH,20170923_125302,318.515957324
LICH,20180308_173951,81.1414192636
LICH,20180509_075755,83.2741649189
LICH,20160823_193944,103.523102589
LICH,20171024_104747,103.082656383
LICH,20180728_170723,103.191344534
LICH,20180821_213147,289.975351292
LICH,20180828_070811,105.094397658
ALAV,20140316_211628,270.774311095
ALAV,20140317_051133,270.769356854
ALAV,20140924_111613,264.516384669
ALAV,20150620_021007,254.85341844
ALAV,20150918_091044,258.830521887
ALAV,20180114_091845,277.465839675
ALAV,20180110_025131,309.490510792
ALAV,20180906_154914,73.3248137107
ALAV,20130707_203007,84.4937588305
ALAV,20140316_211628,270.774311095
ALAV,20140411_202913,307.847947204
ALAV,20140507_042039,81.6793632337
ALAV,20150916_140322,83.2830358461
ALAV,20121210_165309,97.9357485937
ALAV,20131201_012415,99.2885691826
ALAV,20140113_040104,298.444524215
ALAV,20140218_092714,290.036115511
ALAV,20130707_183531,80.0329290562
ALAV,20140412_201438,80.057178993
ALAV,20140413_123619,80.36541682
ALAV,20151217_194953,316.816964851
ALAV,20160518_075702,294.852000752
ALAV,20170713_033608,81.1317915322
ALAV,20180308_173951,80.836713887
ALAV,20180324_112332,82.8664118131
ALAV,20180509_075755,82.9705900218
ALAV,20181101_221951,270.195343304
ALAV,20200721_205625,74.1359657933
ALAV,20180325_201447,98.0672827313
ALAV,20180821_213147,289.915354707
ALAV,20190624_025339,98.3284609482
ALAV,20190714_053923,112.842071562
ZARN,20150824_094125,87.6458630825
ZARN,20150916_225915,258.394029036
ZARN,20180114_091845,276.378475372
ZARN,20200603_073534,265.127758127
ZARN,20160528_094659,215.03018037
ZARN,20161124_184348,309.35708994
ZARN,20180819_001940,70.4197495494
ZARN,20190222_101722,289.62469271
ZARN,20200717_025022,86.7456760999
ZARN,20130209_141606,292.456827432
ZARN,20140316_211628,269.746197924
ZARN,20140403_015829,269.237335085
ZARN,20140629_075256,216.242759212
ZARN,20140707_112354,314.161535523
ZARN,20140729_104613,318.57305296
ZARN,20150310_205544,293.400033184
ZARN,20150916_140322,82.8154441252
ZARN,20121210_165309,97.3140746457
ZARN,20130406_044236,89.4426444308
ZARN,20140113_040104,297.768542355
ZARN,20140806_114528,99.0549435958
ZARN,20131117_090456,216.962948078
ZARN,20141014_035137,309.124111304
ZARN,20151217_194953,315.806304461
ZARN,20170614_072905,313.913115886
ZARN,20170622_123104,312.276397895
ZARN,20180308_173951,80.3604484994
ZARN,20180930_105224,70.6130695595
ZARN,20190201_161413,314.045060981
ZARN,20190530_090328,310.560115088
ZARN,20151204_222500,153.34280505
ZARN,20180325_201447,97.4461781204
ZARN,20180821_213147,289.197788608
ZARN,20190624_025339,97.699368839
ZARN,20200821_040952,101.619962558
NAVR,20180114_091845,277.733760881
NAVR,20180819_001940,71.4693834629
NAVR,20181211_022632,213.467800195
NAVR,20131201_012415,99.6790745575
NAVR,20140412_201438,80.6209234103
NAVR,20170713_033608,81.620039444
NAVR,20180308_173951,81.3239864991
NAVR,20180509_075755,83.4530436147
NAVR,20180910_041902,90.0064037268
NAVR,20191102_180841,215.951435839
NAVR,20200318_031345,78.6843578669
NAVR,20180325_201447,98.4602726145
NAVR,20180821_213147,290.297902996
NAVR,20180828_070811,105.375964598
NAVR,20190619_172448,89.5083576429
NAVR,20190624_025339,98.7194149254
BYUR,20150211_185720,264.484938219
BYUR,20170415_081943,264.955469262
BYUR,20110101_095658,258.850699189
BYUR,20110113_164310,84.5156974829
BYUR,20110407_131123,317.476156724
BYUR,20110601_125521,252.487523573
BYUR,20111027_001524,71.9932870672
BYUR,20111122_184816,270.593932431
BYUR,20111211_095456,215.816823263
BYUR,20120121_184713,315.248897315
BYUR,20120417_071349,85.7189556064
BYUR,20120528_050723,257.644839217
BYUR,20120607_160318,274.931187205
BYUR,20120728_200359,80.9666281326
BYUR,20150211_185720,264.484938219
BYUR,20150323_045137,270.49217708
BYUR,20110830_065741,99.5468683844
BYUR,20111214_050457,87.4931686183
BYUR,20150211_185720,264.484938219
BYUR,20170614_072905,314.285188113
BYUR,20170713_033608,81.0407942124
BYUR,20190530_090328,310.9237602
BYUR,20171024_104747,102.633358914
BYUR,20190624_025339,98.0148887114
BYUR,20190714_053923,112.55003846
GERK,20150211_185720,264.966399757
GERK,20180114_091845,277.190429303
GERK,20200603_073534,265.812722187
GERK,20181211_022632,213.233908757
GERK,20190301_085042,274.97868797
GERK,20200717_025022,87.6967764718
GERK,20140629_075256,216.690704942
GERK,20140707_112354,315.265006503
GERK,20140729_104613,319.690379625
GERK,20140824_232141,277.503069923
GERK,20140824_232143,277.380130769
GERK,20150211_185720,264.966399757
GERK,20150216_220054,216.591080823
GERK,20150323_045137,271.016072252
GERK,20150501_080605,82.9683137396
GERK,20150211_185720,264.966399757
GERK,20180121_010642,270.726712377
GERK,20180308_173951,81.3555498384
GERK,20180509_075755,83.4866055406
GERK,20181101_221951,269.928469829
GERK,20190217_143555,81.2540767657
GERK,20200603_073534,265.812722187
GERK,20171024_104747,103.199687322
GERK,20180325_201447,98.3234359267
GERK,20180728_170723,103.307332917
GERK,20180828_070811,105.223306683
GERK,20190619_172448,89.4108670071
GERK,20190624_025339,98.5757217221
GERK,20200506_135356,98.4217900416
GERK,20200821_040952,102.495790574
KECH,20150211_185720,265.010941392
KECH,20150921_053934,258.883703944
KECH,20150211_185720,265.010941392
KECH,20150323_045137,271.093895451
KECH,20150907_084609,82.3383202413
KECH,20150916_140322,84.2786657196
KECH,20141014_035137,310.494149505
KECH,20150211_185720,265.010941392
VAND,20140924_111613,263.349879035
VAND,20170218_121017,263.318077471
VAND,20200603_073534,264.917584392
VAND,20200717_025022,86.8703782888
VAND,20150211_185720,264.082436645
VAND,20150310_205544,293.326925646
VAND,20150323_045137,270.072011956
VAND,20141206_220510,96.6518668451
VAND,20141014_035137,309.03834533
VAND,20150211_185720,264.082436645
VAND,20170713_033608,80.7986570143
VAND,20180121_010642,269.783778325
VAND,20180308_173951,80.4977305492
VAND,20190201_161413,313.964715908
VAND,20180828_070811,104.364392068
VAND,20200506_135356,97.5726022934
MAGY,20150211_185720,264.977652651
MAGY,20170218_121017,264.218369577
MAGY,20180114_091845,277.158144119
MAGY,20200603_073534,265.848288035
MAGY,20161124_184348,310.046667771
MAGY,20180906_154914,73.0979596619
MAGY,20190222_101722,290.338494274
MAGY,20150211_185720,264.977652651
MAGY,20150323_045137,270.978602586
MAGY,20150330_081801,62.3362191486
MAGY,20150916_140322,83.066952939
MAGY,20141206_220510,97.0123596498
MAGY,20150227_134505,103.222265755
MAGY,20150211_185720,264.977652651
MAGY,20170305_224753,84.4921597001
MAGY,20170713_033608,80.9129737998
MAGY,20180228_024545,89.2120457506
MAGY,20180308_173951,80.6172429271
MAGY,20180509_075755,82.7542148669
MAGY,20180910_041902,89.1459412157
MAGY,20190201_161413,314.728755009
MAGY,20190217_143555,80.5395428129
MAGY,20200603_073534,265.848288035
MAGY,20171024_104747,102.765148936
MAGY,20180325_201447,97.8367853684
MAGY,20180821_213147,289.665853223
MAGY,20180828_070811,104.752766695
MAGY,20190619_172448,88.8723169888
MAGY,20190624_025339,98.0966337005
MAGY,20200821_040952,102.062285792
SHEN,20180410_101934,259.457309038
SHEN,20200603_073534,265.570284473
SHEN,20180819_001940,70.4732839475
SHEN,20180906_154914,73.1459664119
SHEN,20190222_101722,290.072717454
SHEN,20190301_085042,274.621154857
SHEN,20200717_025022,86.9273370747
SHEN,20150211_185720,264.709081411
SHEN,20150815_074707,78.3002735484
SHEN,20150916_140322,82.9951630441
SHEN,20150919_125220,258.219217281
SHEN,20151107_070431,261.543719095
SHEN,20151217_194953,316.241343728
SHEN,20160720_151316,81.8746591142
SHEN,20190519_142712,84.4141846422
SHEN,20190530_090328,310.993551529
SHEN,20200603_073534,265.570284473
SHEN,20180821_213147,289.500778683
SHEN,20190624_025339,97.9604962776
SHEN,20200506_135356,97.8007161969
SHEN,20200821_040952,101.907363
KIV,20110418_130304,88.1445173036
KIV,20121114_190205,262.790998599
KIV,20140316_211628,271.074760783
KIV,20140323_182001,271.369900055
KIV,20141116_223323,93.7349663448
KIV,20150211_185720,265.563444617
KIV,20150610_135208,267.348454429
KIV,20150916_225915,260.476111248
KIV,20150922_071300,260.371871769
KIV,20161104_162043,256.263098379
KIV,20170415_081943,266.111260206
KIV,20191104_215325,260.023575889
KIV,20200603_073534,266.526139132
KIV,20160528_094659,215.523901508
KIV,20160804_141513,265.813507395
KIV,20161124_184348,309.419292803
KIV,20180819_001940,65.8406810029
KIV,20180906_154914,68.6890447285
KIV,20181211_022632,213.341616342
KIV,20190222_101722,290.189409065
KIV,20190301_085042,275.180956488
KIV,20110207_195342,78.9355197718
KIV,20110306_143236,215.438494137
KIV,20110306_143242,215.277996344
KIV,20110407_131123,316.961074797
KIV,20110423_041655,76.9621921874
KIV,20110620_163600,267.87475164
KIV,20110903_044858,215.250099977
KIV,20111122_184816,271.139852682
KIV,20120121_184713,314.827780144
KIV,20120130_051059,279.702591346
KIV,20120214_081957,77.0170997613
KIV,20120514_100039,272.329815954
KIV,20120604_004516,299.989489833
KIV,20120607_160318,275.87489259
KIV,20120725_112027,77.4907739857
KIV,20120802_093831,283.307413073
KIV,20140315_235132,290.78276867
KIV,20140316_211628,271.074760783
KIV,20140317_051133,271.086770948
KIV,20140403_015829,270.586512294
KIV,20140404_013751,270.39275411
KIV,20140411_202913,306.904802884
KIV,20140504_091552,75.8389071832
KIV,20140504_092515,77.9792872081
KIV,20140629_075256,216.768188426
KIV,20140707_112354,314.123660465
KIV,20140729_104613,318.415261593
KIV,20140824_232141,277.838668242
KIV,20140824_232143,277.717171025
KIV,20150211_185720,265.563444617
KIV,20150310_205544,293.392400674
KIV,20150323_045137,271.424066636
KIV,20150422_225716,74.1960998671
KIV,20150520_003052,64.38154342
KIV,20150520_224854,75.1086528645
KIV,20150610_135208,267.348454429
KIV,20150815_074707,75.3922020038
KIV,20101215_112930,97.7625840141
KIV,20110830_065741,98.5275549746
KIV,20121012_003131,92.396153422
KIV,20121210_165309,96.4681614276
KIV,20140218_092714,288.612289415
KIV,20140806_114522,98.291294043
KIV,20140806_114528,98.26854171
KIV,20141206_220510,95.7656508006
KIV,20150924_155327,91.2858759967
KIV,20160419_052539,216.074644244
KIV,20160520_181404,110.564123792
KIV,20160725_172650,265.273410967
KIV,20160821_034523,218.305011248
KIV,20170218_121017,264.845424161
KIV,20170221_140904,266.993963945
KIV,20170224_172844,72.0902496946
KIV,20170415_081943,266.111260206
KIV,20170418_171147,66.0333726227
KIV,20170512_104126,311.021797709
KIV,20170614_072905,313.862334688
KIV,20170923_125302,317.393173423
KIV,20180121_010642,271.182770005
KIV,20180907_021204,291.588842479
KIV,20181101_221951,270.427733195
KIV,20181115_200222,214.568114532
KIV,20190126_035138,78.1346785491
KIV,20190512_192450,302.333165186
KIV,20190530_090328,310.573029343
KIV,20190626_052350,302.168012376
KIV,20191104_215325,260.023575889
KIV,20191120_042705,314.305648219
KIV,20200531_050938,275.127526374
KIV,20200603_073534,266.526139132
KIV,20201206_164742,269.588281756
KIV,20201214_152049,268.063656229
KIV,20151121_090613,96.8887744217
KIV,20151204_222500,152.502002758
KIV,20160212_100224,105.976198648
KIV,20161205_011304,101.553351345
KIV,20161221_001714,98.5390016577
KIV,20171024_104747,101.734621867
KIV,20180226_133453,95.9743623006
KIV,20180325_201447,96.5976880218
KIV,20180728_170723,101.858323438
KIV,20180828_070811,103.574715807
KIV,20190121_235922,106.629359191
KIV,20190122_051003,106.819546204
KIV,20190406_215501,100.083201825
KIV,20190624_025339,96.8872938042
KIV,20200506_135356,96.6872029883
KIV,20200821_040952,101.035428552
KIV,20200926_171022,187.320505851
GNI,20120326_181253,323.267319074
GNI,20120423_173621,84.4725388671
GNI,20130426_065328,85.7998246407
GNI,20130812_094931,291.532828096
GNI,20140316_211628,270.159958045
GNI,20140317_051133,270.149011246
GNI,20140403_015829,269.645600005
GNI,20140404_013751,269.432694823
GNI,20141116_223323,100.505066348
GNI,20150928_152805,263.91647605
GNI,20160908_214620,131.61041211
GNI,20170218_121017,263.892304288
GNI,20170415_081943,265.130019332
GNI,20190802_055055,230.182545999
GNI,20190926_163618,247.651181312
GNI,20191104_215325,258.194521176
GNI,20200414_010647,86.4593490433
GNI,20201227_213914,250.70905047
GNI,20161124_184348,310.061244425
GNI,20180906_154914,74.2621449772
GNI,20190506_211937,87.6460642547
GNI,20200717_025022,87.4667477244
GNI,20110101_095658,259.012021553
GNI,20110207_195342,81.8278784775
GNI,20110306_143236,215.210432731
GNI,20110306_143242,215.062476414
GNI,20110407_131123,317.835309401
GNI,20110620_163600,266.958326742
GNI,20110824_174611,283.916449967
GNI,20110903_044858,215.020580689
GNI,20111122_184816,270.816579066
GNI,20120121_184713,315.606184858
GNI,20120321_221505,87.3446207717
GNI,20120728_200359,81.3441399534
GNI,20120905_130910,78.5249874501
GNI,20130704_171557,81.4870519105
GNI,20130717_023743,274.875107479
GNI,20130812_094931,291.532828096
GNI,20130821_123829,322.379754431
GNI,20140315_235132,290.472544992
GNI,20140403_015829,269.645600005
GNI,20150310_205544,294.015875247
GNI,20150323_045137,270.695136778
GNI,20150916_140322,83.5626548186
GNI,20150928_152805,263.91647605
GNI,20101215_112930,99.2129833104
GNI,20110830_065741,99.8477954397
GNI,20120908_105145,92.0745817621
GNI,20121012_003131,94.0010184947
GNI,20130406_044236,90.0941367606
GNI,20130416_225527,87.2558570539
GNI,20131201_012415,99.2770926158
GNI,20140113_040104,298.390101038
GNI,20101225_131638,84.5064783296
GNI,20110101_095658,259.012021553
GNI,20111214_050457,87.8476486843
GNI,20130717_023743,274.875107479
GNI,20131117_090456,217.040116677
GNI,20150211_185720,264.662656899
GNI,20151217_194953,316.542271893
GNI,20160419_052539,215.859227472
GNI,20160520_181404,112.687904172
GNI,20160821_034523,217.919715689
GNI,20160831_031136,80.8441430806
GNI,20161017_061458,85.3361693442
GNI,20170218_121017,263.892304288
GNI,20170221_140904,266.492730247
GNI,20170418_171147,71.8082606102
GNI,20170512_104126,311.705857508
GNI,20171010_063220,270.834636622
GNI,20180324_112332,83.139870674
GNI,20180509_075755,83.2529871593
GNI,20181101_221951,269.608809539
GNI,20190126_035138,81.0857462845
GNI,20190201_161413,314.77275268
GNI,20190530_090328,311.267879683
GNI,20200120_065137,212.450029577
GNI,20201001_103448,85.4979692691
GNI,20201130_225503,263.648263637
GNI,20201206_164742,268.72858061
GNI,20201214_152049,267.125743807
GNI,20151121_090613,98.3874229821
GNI,20160319_112633,293.638310735
GNI,20160823_193944,103.368693463
GNI,20160917_012017,87.6747924295
GNI,20161205_011304,102.767457608
GNI,20171024_104747,102.93116216
GNI,20180728_170723,103.037868377
GNI,20180828_070811,104.964389879
GNI,20190619_172448,89.1630548028
GNI,20190624_025339,98.3196758558
GNI,20200506_135356,98.1677916587
GNI,20200821_040952,102.227420833
ABST,20140316_211628,269.867965041
ABST,20150916_225915,258.849617434
ABST,20160528_094659,214.979740157
ABST,20101208_052435,214.310941447
ABST,20110225_130726,317.765143851
ABST,20110306_143242,214.737257425
ABST,20110824_174611,283.25410263
ABST,20120121_184713,314.382835134
ABST,20120417_035015,257.633451957
ABST,20120417_071349,84.3880669523
ABST,20140316_211628,269.867965041
ABST,20150211_185720,264.404517897
ABST,20130901_115232,98.4832028735
ABST,20131012_021028,288.269198834
ABST,20140113_040104,297.155730911
ABST,20140218_092714,288.750936529
ABST,20140413_123619,78.595717761
ABST,20151217_194953,315.304603168
AZMN,20140326_032936,81.0853468068
AZMN,20140101_160329,77.3064344823
AZMN,20140403_015829,269.418682181
AZMN,20150216_220054,216.169325354
AZMN,20140113_040104,297.463221515
BATM,20131016_103100,78.8911653748
BATM,20140415_035701,199.185186417
BATM,20150227_134505,101.44073053
BATM,20140413_123619,77.8377627855
BKRG,20140316_211628,270.343086645
BKRG,20140629_075256,216.481528037
BKRG,20140707_112354,314.285603856
BKRG,20140824_232141,277.227103074
BKRG,20140824_232143,277.105311368
BKRG,20131201_012415,98.469697038
BKRG,20140113_040104,297.634119762
BKRG,20131117_090456,217.44073686
BKRG,20150211_185720,264.850675061
BURN,20131117_090456,217.452303875
BURN,20140412_201438,79.0343824018
BRNG,20150211_185720,264.935094002
BRNG,20150211_185720,264.935094002
BRNG,20151107_070431,261.955832196
DDFL,20130812_094931,293.403710814
DDFL,20150211_185720,266.297712339
DDFL,20151107_070431,263.173088041
DDFL,20150211_185720,266.297712339
DDFL,20140302_093754,311.060634106
DDFL,20140315_235132,292.317351739
DDFL,20140704_150027,83.3809569744
DDFL,20140707_112354,316.460299688
DDFL,20150211_185720,266.297712339
DDFL,20130406_044236,90.8886584122
DDFL,20130901_115232,100.676948779
DDFL,20140113_040104,299.387902919
DDFL,20140218_092714,290.946381839
DDFL,20140803_002201,82.5741357458
DDFL,20150211_185720,266.297712339
DDFL,20160208_161913,82.3736005147
DDFL,20160520_181404,113.233261447
DMNI,20150919_050647,261.635063128
DMNI,20140305_095658,76.894097573
DMNI,20140619_101758,78.0820362641
DMNI,20140707_112354,314.745477523
DMNI,20140729_132747,84.0220001027
DMNI,20150422_225716,76.9946179867
DMNI,20150507_071023,81.712962941
DMNI,20150916_140322,82.8337684079
DMNI,20151217_194953,316.381412412
GANZ,20140402_161326,301.501749452
GANZ,20140113_040104,297.770386251
GANZ,20140218_092714,289.368501859
GANZ,20140412_201438,79.1925572914
KZRT,20140316_211628,270.70170698
KZRT,20150202_104948,255.841803903
KZRT,20150916_231841,259.322780286
KZRT,20160528_094659,215.49593462
KZRT,20140316_211628,270.70170698
KZRT,20140629_075256,216.718642986
KZRT,20140707_112354,314.941535382
KZRT,20140729_104613,319.323424521
KZRT,20140824_232141,277.643790643
KZRT,20140824_232143,277.521257021
KZRT,20150430_104505,82.2235373509
KZRT,20140113_040104,298.214912773
KZRT,20140218_092714,289.802447001
KZRT,20130707_183531,79.7033020993
KZRT,20140412_201438,79.6584813368
KZRT,20160614_134922,81.5708965795
LGD,20131016_103100,82.0415151812
LGD,20140501_063636,84.1877014218
LGD,20130406_044236,90.9433857356
LGD,20130901_115232,100.765152174
LGD,20140113_040104,299.493647447
LGD,20140218_092714,291.037560308
LGD,20130707_183531,80.865842836
AMBR,20101208_052435,214.631471457
AMBR,20101213_011442,79.0964172845
AMBR,20101229_065422,81.2566176833
AMBR,20110620_163600,267.339053732
AMBR,20110715_132602,210.046031434
AMBR,20110903_044858,215.030085143
AMBR,20111014_033515,84.6908175515
AMBR,20111018_050506,81.8093599131
AMBR,20111028_185434,279.249277121
AMBR,20111211_095456,215.973831421
AMBR,20120121_184713,314.857881636
AMBR,20120214_081957,78.0959968445
AMBR,20121111_221459,313.660408545
AMBR,20121119_094435,81.4178227461
AMBR,20101215_112930,98.1168022223
AMBR,20110830_065741,98.8310587341
AMBR,20121210_165309,96.8289020198
AMBR,20111214_050457,86.1540598094
GUDA,20101213_011442,80.0874881462
GUDA,20110101_095658,260.189898932
GUDA,20110109_100343,81.6455254523
GUDA,20110101_095658,260.189898932
KHVA,20110306_143242,215.127797817
KHVA,20110407_131123,317.285928754
TKBL,20120130_051059,279.001831213
TKBL,20130925_164243,276.740242119
TKBL,20110715_132602,209.954440038
TKBL,20110731_233858,84.3297447766
TKBL,20110903_044858,214.930265573
TKBL,20111014_033515,84.6372147784
TKBL,20111117_015704,293.881063975
TKBL,20120514_100039,271.670116631
TKBL,20130707_203007,82.9343769008
TKBL,20130406_044236,88.7181631587
TKBL,20111028_185434,279.044502333
TKBL,20130707_183531,78.400554925
TRLT,20110418_130304,92.614233093
TRLT,20110620_163600,267.391251606
TRLT,20101123_090107,84.4300168031
TRLT,20101208_052435,214.760253535
TRLT,20110101_095658,259.437880559
TRLT,20110109_100343,82.0771534497
TRLT,20110225_130726,318.822155191
TRLT,20110306_123158,271.407533986
TRLT,20110306_143236,215.331918195
TRLT,20110306_143242,215.179523468
TRLT,20110309_212452,83.9497375815
TRLT,20110407_131123,317.629534189
TRLT,20110620_163600,267.391251606
TRLT,20110715_132602,210.139680661
TRLT,20110824_174611,284.119257313
TRLT,20110903_044858,215.142371481
TRLT,20111014_033515,85.6151187927
TRLT,20111028_185434,279.372521516
TRLT,20111117_015704,294.419250274
TRLT,20111128_122647,80.6968841154
TRLT,20110101_095658,259.437880559
TRLT,20110824_174611,284.119257313
TRLT,20110915_193103,74.6384619556
TRLT,20111028_185434,279.372521516
TRLT,20111214_050457,87.0696035097
URAV,20110620_163600,267.514269767
URAV,20101208_052435,214.72587792
URAV,20110212_175756,68.2082307135
URAV,20110306_123158,271.471561446
URAV,20110306_143236,215.313571581
URAV,20110306_143242,215.157285484
URAV,20110407_131123,317.188938074
URAV,20110515_183710,79.7230071386
URAV,20110715_132602,210.132678018
URAV,20110824_174611,284.023879847
URAV,20110903_044858,215.124780305
URAV,20111014_033515,84.7622974558
URAV,20111122_184816,270.980473172
URAV,20120121_184713,315.022879396
URAV,20120402_173642,320.498512772
URAV,20120417_071349,84.4939070594
URAV,20120528_050723,258.406804695
URAV,20101215_112930,98.2161827904
URAV,20110824_174611,284.023879847
URAV,20111028_185434,279.440925931
URAV,20111214_050457,86.225159482
AKH,20120703_103615,104.779786518
AKH,20130828_025441,82.925879842
AKH,20140202_092636,88.9059969968
AKH,20140703_195007,83.8490967702
AKH,20140703_195010,83.5632256644
AKH,20141116_223323,98.0762396829
AKH,20161124_184348,309.390142533
AKH,20120121_184713,314.875757793
AKH,20120528_050723,257.824692222
AKH,20120607_160318,275.019284826
AKH,20120725_112027,79.3177183326
AKH,20120802_093831,282.719715521
AKH,20121111_221459,313.667257834
AKH,20130615_173429,307.755208962
AKH,20130707_203007,83.5531727902
AKH,20130726_213300,212.624440225
AKH,20130801_200142,61.4423538978
AKH,20130812_094931,291.203516328
AKH,20130907_001329,313.816215599
AKH,20131102_185347,65.0228216784
AKH,20140317_051133,270.110766261
AKH,20140629_075256,216.375689088
AKH,20140704_150027,81.5727655274
AKH,20140707_112354,314.166864631
AKH,20140721_145441,71.3081897134
AKH,20140729_104613,318.545087378
AKH,20140729_132740,83.5613605948
AKH,20140729_132747,83.5322308196
AKH,20140924_111613,263.911570491
AKH,20120930_163134,292.385462109
AKH,20130715_140341,210.375382418
AKH,20131117_090456,217.283683028
AKH,20160821_034523,217.831417377
AKH,20160823_193944,102.623953308
AKH,20160917_012017,86.7156759226
BGD,20130707_203007,83.6673906271
BGD,20140316_211628,270.096543573
CHVG,20140824_232141,276.718363922
CHVG,20140824_232143,276.597633642
DGRG,20191203_084636,272.674530283
DGRG,20200717_025022,87.5421434857
DGRG,20200506_135356,98.5674101426
GUDA,20101213_011442,80.0874881462
GUDA,20110101_095658,260.189898932
GUDA,20110109_100343,81.6455254523
GUDA,20110101_095658,260.189898932
GUDG,20121114_190205,262.767984454
GUDG,20130615_112037,91.2470449768
GUDG,20140202_092636,88.0268696834
GUDG,20140316_211628,271.418584986
GUDG,20121114_190205,262.767984454
GUDG,20130707_203007,83.9380808293
GUDG,20131016_103100,80.5766078822
GUDG,20140316_211628,271.418584986
GUDG,20130715_140341,210.985135927
GUDG,20140413_123619,79.4605918996
ONI,20140202_092636,87.0995908897
ONI,20140924_111613,264.571456127
ONI,20141116_223323,96.2815350686
ONI,20150202_104948,256.179584468
ONI,20150424_033642,106.706852103
ONI,20150919_050647,262.173825808
ONI,20151111_015438,262.274068037
ONI,20160725_172650,264.831729269
ONI,20160819_073222,218.217582228
ONI,20130325_230212,312.668638671
ONI,20130704_171557,79.6596762784
ONI,20130717_023743,275.356632887
ONI,20140315_085920,280.104536
ONI,20140315_235132,290.725010018
ONI,20140402_161326,301.648423939
ONI,20140403_015829,270.295603094
ONI,20140404_114033,78.1114573295
ONI,20140504_092515,80.2211876766
ONI,20140629_075256,216.684087818
ONI,20140707_112354,314.442155495
ONI,20140729_104613,318.78007093
ONI,20150216_220054,216.581094233
ONI,20150310_205544,293.663386947
ONI,20150430_104505,81.1989914832
ONI,20150718_022732,75.3591842677
ONI,20150815_074707,76.7495556592
ONI,20150916_140322,81.932664613
ONI,20150916_231609,259.974951135
ONI,20130717_023743,275.356632887
ONI,20150505_014404,81.2794412298
ONI,20151217_194953,316.061721061
ONI,20160821_034523,218.173187954
ONI,20160319_112633,292.747753759
SEAG,20140629_155228,64.3804180566
TBLG,20120607_040504,254.354132737
TBLG,20120607_160318,276.085054358
TBLG,20120703_103615,104.889913973
TBLG,20121114_190205,262.360713268
TBLG,20130812_094931,292.40325907
TBLG,20140202_092636,89.2791140041
TBLG,20140316_211628,271.142361588
TBLG,20140323_182001,271.442664483
TBLG,20120314_211310,83.0281431933
TBLG,20120321_221505,86.9890571197
TBLG,20120728_200359,80.8654583635
TBLG,20120802_093831,283.8111585
TBLG,20121009_123208,139.476331925
TBLG,20121110_145750,284.032856037
TBLG,20121119_094435,82.7790738268
TBLG,20130325_230212,313.540865779
TBLG,20130423_231443,80.9130648088
TBLG,20130615_173429,308.887907315
TBLG,20130704_171557,80.9032373795
TBLG,20130812_094931,292.40325907
TBLG,20130925_164243,277.629473586
TBLG,20140315_235132,291.330463628
TBLG,20140317_051133,271.141157161
TBLG,20140420_001559,81.2116263415
TBLG,20140707_112354,315.329696293
TBLG,20140413_123619,80.0357484399
TRLG,20130130_201543,262.678470119
TRLG,20140323_182001,270.895841202
TRLG,20140824_232141,277.51839696
TRLG,20121119_094435,82.3947692418
TRLG,20121129_111025,84.7749770264
TRLG,20130209_141606,293.105214641
TRLG,20130222_120158,258.370161052
TRLG,20140315_235132,290.70783081
TRLG,20140316_211628,270.597067088
TRLG,20140629_075256,216.646290519
TRLG,20140707_112354,314.726101966
TRLG,20140721_145441,71.7368370438
TRLG,20140729_104613,319.101748517
TRLG,20140824_232141,277.51839696
TRLG,20140824_232143,277.396111413
TRLG,20130209_141606,293.105214641
TRLG,20141014_035137,309.693002291
GANJ,20110824_174611,285.362723706
GANJ,20110903_044858,215.733302787
GANJ,20111122_184816,272.101981733
QZX,20111122_184816,271.655287319
ZKT,20111122_184816,272.791049531
BCA,20120417_035015,256.761410104
BCA,20120423_173621,80.1466141851
BCA,20120703_103615,103.970037626
BCA,20130426_065328,81.6391060557
BCA,20140703_195007,82.295965228
BCA,20140703_195010,81.9985246893
BCA,20190519_142712,81.9529061404
BCA,20120725_112027,77.9225160274
BCA,20120728_200359,78.7538680631
BCA,20130208_111213,74.2268886178
BCA,20130319_032902,211.251043833
BCA,20130325_230212,310.847463863
BCA,20130812_094931,289.710853098
BCA,20140316_211628,268.90360513
BCA,20140317_051133,268.900729336
BCA,20140411_202913,305.379561951
BCA,20140629_075256,215.651817696
BCA,20140729_104613,316.95526964
BCA,20140729_132740,82.2757733816
BCA,20140729_132747,82.2468311136
BCA,20150916_140322,81.0110984757
BCA,20151217_194953,314.212853337
BCA,20170630_222945,292.513550071
BCA,20170713_033608,78.82599389
BCA,20171010_063220,269.515453156
BCA,20180121_010642,269.097729041
BCA,20180126_224757,82.9766720227
BCA,20180308_173951,78.530890618
BCA,20180324_112332,80.5932934628
BCA,20180407_054839,87.0032608591
BCA,20190126_035138,78.360164947
BCA,20190201_161413,312.471187775
BCA,20190409_175359,211.819199625
BCA,20190512_192450,300.764146981
BCA,20151020_215202,76.8035062026
BCA,20181211_022632,212.276007463
BCA,20190222_101722,288.371381032
BCA,20190301_085042,273.192915277
BCA,20130406_044236,87.9083543175
BCA,20130812_005344,96.3830581769
BCA,20140218_092714,287.97500978
BCA,20151121_090613,96.3108574188
BCA,20180226_133453,95.1562830958
BCA,20180324_195833,144.710162276
BCA,20180325_201447,95.9995126777
BCA,20180828_070811,102.921937141
BCA,20181216_094237,87.0773910136
BCA,20190121_235922,105.795720193
BCA,20190122_051003,105.987076178
BCA,20190406_215501,99.3337638731
TASB,20140316_211628,269.735324333
TASB,20140404_013751,269.009763959
TASB,20140703_195007,86.5229636359
TASB,20140703_195010,86.2449257636
TASB,20140924_111613,263.528744221
TASB,20170218_121017,263.496476518
TASB,20180114_091845,276.387166924
TASB,20180410_101934,258.85359981
TASB,20181101_221951,269.191030607
TASB,20190120_013251,259.794974497
TASB,20190418_144601,131.635617999
TASB,20190926_163618,247.324197681
TASB,20191104_215325,257.806842741
TASB,20201214_152049,266.715098076
TASB,20111122_184816,270.415433476
TASB,20120121_184713,315.123117128
TASB,20140316_211628,269.735324333
TASB,20140411_202913,307.085710067
TASB,20140707_112354,314.409751698
TASB,20150310_205544,293.604799743
TASB,20150323_045137,270.276200161
TASB,20150928_152805,263.52077377
TASB,20160725_172650,263.511487468
TASB,20170218_121017,263.496476518
TASB,20170512_104126,311.22778518
TASB,20180228_024545,89.2960720109
TASB,20181101_221951,269.191030607
TASB,20190201_161413,314.29307291
TASB,20200726_005359,210.57024123
TASB,20201206_164742,268.313296341
TASB,20201214_152049,266.715098076
TASB,20111214_050457,87.5619893217
TASB,20180110_025131,308.862807818
TASB,20181211_022632,212.853731133
TASB,20190222_101722,289.756181748
TASB,20120908_105145,91.7590497964
TASB,20130406_044236,89.7858934005
TASB,20131012_021028,289.094305174
TASB,20140113_040104,298.048626037
TASB,20140218_092714,289.690591879
TASB,20161221_001714,99.6354030019
TASB,20171024_104747,102.590634906
TASB,20180325_201447,97.748321765
TASB,20180828_070811,104.637421265
TASB,20190406_215501,101.012701168
TASB,20200926_171022,188.345644267
