Event,Ev_lat,Ev_lon,Depth,Mag,Phase,Null,Quality
20131123_074832,-17.1613,-176.5188,370.1,6.5,SKKS,True,Fair
20140316_211628,-19.9051,-70.6156,9.4,6.7,SKKS,True,Fair
20140317_051133,-20.06,-70.8284,5.3,6.4,SKKS,True,Fair
20140924_111613,-23.7849,-66.5888,204.5,6.2,SKKS,True,Fair
20150620_021007,-36.3349,-73.6674,17.4,6.4,SKKS,True,Good
20150918_091044,-32.3681,-72.2292,8.0,6.2,SKKS,True,Fair
20151020_215202,-14.8595,167.3028,135.0,7.1,SKKS,True,Good
20170224_172844,-23.2601,-178.8033,414.89,6.9,SKKS,True,Good
20170509_135210,-14.5884,167.3767,169.0,6.8,SKKS,True,Fair
20180114_091845,-15.7589,-74.7095,39.0,7.1,SKKS,True,Fair
20190926_163618,-40.8152,-72.0019,129.0,6.1,SKKS,False,Fair
20191021_025229,-19.0184,169.4883,231.0,6.4,SKKS,True,Fair
20121221_222808,-14.3591,167.2778,198.1,6.7,SKKS,True,Fair
20131123_074832,-17.1613,-176.5188,370.1,6.5,SKKS,True,Good
20140305_095658,-14.835,169.8319,648.0,6.4,SKKS,True,Fair
20140316_211628,-19.9051,-70.6156,9.4,6.7,SKKS,True,Good
20140426_060220,-20.7344,-174.6481,39.4,6.1,SKKS,True,Good
20151020_215202,-14.8595,167.3028,135.0,7.1,SKKS,True,Fair
20170218_121017,-23.8613,-66.6592,222.0,6.3,SKKS,True,Fair
20170224_172844,-23.2601,-178.8033,414.89,6.9,SKKS,True,Fair
20170509_135210,-14.5884,167.3767,169.0,6.8,SKKS,True,Fair
20200603_073534,-23.2955,-68.4217,96.84,6.8,SKKS,True,Fair
20200805_120536,-16.0919,168.078,178.9,6.4,SKKS,True,Fair
20200901_210917,-27.9154,-71.3716,14.52,6.5,SKKS,False,Poor
20201206_164742,-20.3662,-69.0663,105.0,6.1,SKKS,True,Fair
20151020_215202,-14.8595,167.3028,135.0,7.1,SKKS,True,Good
20151219_021053,-18.3819,169.3857,10.0,6.0,SKKS,True,Fair
20170509_135210,-14.5884,167.3767,169.0,6.8,SKKS,True,Good
20180410_101934,-30.9862,-71.5566,76.08,6.2,SKKS,False,Fair
20180819_042858,-16.9783,-178.0332,415.6,6.8,SKKS,True,Fair
20110131_060326,-21.9987,-175.5367,69.3,6.0,SKKS,True,Good
20110729_074222,-23.7284,179.8252,522.8,6.7,SKKS,True,Good
20150211_185720,-23.0653,-66.6621,203.6,6.7,SKKS,True,Good
20150520_003052,-19.3863,-175.4708,198.6,6.0,SKKS,True,Good
20170415_081943,-23.2706,-67.7655,155.0,6.2,SKKS,True,Good
20150123_034727,-17.064,168.5545,223.9,6.8,SKKS,True,Good
20150211_185720,-23.0653,-66.6621,203.6,6.7,SKKS,True,Good
20180114_091845,-15.7589,-74.7095,39.0,7.1,SKKS,True,Fair
20181205_041436,-21.9814,169.3156,10.0,6.0,SKKS,True,Good
20190118_131832,-19.2079,168.6329,45.06,6.0,SKKS,True,Fair
20190731_150233,-16.1985,167.9982,181.0,6.6,SKKS,True,Fair
20200603_073534,-23.2955,-68.4217,96.84,6.8,SKKS,True,Good
20150211_185720,-23.0653,-66.6621,203.6,6.7,SKKS,True,Fair
20150921_053934,-31.5757,-71.7431,30.0,6.1,SKKS,True,Good
20131123_074832,-17.1613,-176.5188,370.1,6.5,SKKS,True,Fair
20140316_211628,-19.9051,-70.6156,9.4,6.7,SKKS,True,Fair
20140326_032936,-26.1642,179.2589,495.6,6.4,SKKS,True,Good
20140403_015829,-20.3644,-70.5007,10.6,6.6,SKKS,True,Good
20140504_092515,-25.9072,178.2219,627.3,6.4,SKKS,True,Fair
20170509_135210,-14.5884,167.3767,169.0,6.8,SKKS,True,Good
20180819_042858,-16.9783,-178.0332,415.6,6.8,SKKS,True,Good
20150123_034727,-17.064,168.5545,223.9,6.8,SKKS,True,Good
20150211_185720,-23.0653,-66.6621,203.6,6.7,SKKS,True,Good
20151020_215202,-14.8595,167.3028,135.0,7.1,SKKS,True,Fair
20170218_121017,-23.8613,-66.6592,222.0,6.3,SKKS,True,Good
20180114_091845,-15.7589,-74.7095,39.0,7.1,SKKS,True,Fair
20180713_094649,-18.9332,169.0224,169.16,6.4,SKKS,True,Good
20180819_042858,-16.9783,-178.0332,415.6,6.8,SKKS,True,Good
20200603_073534,-23.2955,-68.4217,96.84,6.8,SKKS,True,Fair
20200805_120536,-16.0919,168.078,178.9,6.4,SKKS,True,Fair
20131123_074832,-17.1613,-176.5188,370.1,6.5,SKKS,True,Fair
20170509_135210,-14.5884,167.3767,169.0,6.8,SKKS,True,Fair
20180114_091845,-15.7589,-74.7095,39.0,7.1,SKKS,True,Good
20180201_110550,-16.645,-177.3954,10.0,6.0,SKKS,True,Good
20180713_094649,-18.9332,169.0224,169.16,6.4,SKKS,True,Fair
20181205_041436,-21.9814,169.3156,10.0,6.0,SKKS,True,Fair
20150123_034727,-17.064,168.5545,223.9,6.8,SKKS,True,Good
20150211_185720,-23.0653,-66.6621,203.6,6.7,SKKS,False,Fair
20151020_215202,-14.8595,167.3028,135.0,7.1,SKKS,True,Good
20180410_101934,-30.9862,-71.5566,76.08,6.2,SKKS,True,Fair
20200603_073534,-23.2955,-68.4217,96.84,6.8,SKKS,True,Fair
20131123_074832,-17.1613,-176.5188,370.1,6.5,SKKS,True,Fair
20140316_211628,-19.9051,-70.6156,9.4,6.7,SKKS,True,Good
20140924_111613,-23.7849,-66.5888,204.5,6.2,SKKS,True,Good
20141101_185722,-19.8023,-177.8334,435.3,7.1,SKKS,True,Fair
20150123_034727,-17.064,168.5545,223.9,6.8,SKKS,True,Fair
20150211_185720,-23.0653,-66.6621,203.6,6.7,SKKS,True,Fair
20140924_111613,-23.7849,-66.5888,204.5,6.2,SKKS,True,Fair
20141101_185722,-19.8023,-177.8334,435.3,7.1,SKKS,True,Good
20150123_034727,-17.064,168.5545,223.9,6.8,SKKS,False,Fair
20170218_121017,-23.8613,-66.6592,222.0,6.3,SKKS,True,Fair
20190731_150233,-16.1985,167.9982,181.0,6.6,SKKS,False,Good
20200603_073534,-23.2955,-68.4217,96.84,6.8,SKKS,True,Fair
20200805_120536,-16.0919,168.078,178.9,6.4,SKKS,False,Fair
20201206_164742,-20.3662,-69.0663,105.0,6.1,SKKS,False,Good
20140316_211628,-19.9051,-70.6156,9.4,6.7,SKKS,True,Fair
20150824_094125,-30.6497,-179.0971,224.5,6.0,SKKS,True,Fair
20150916_225915,-31.618,-71.745,26.7,6.4,SKKS,True,Fair
20180114_091845,-15.7589,-74.7095,39.0,7.1,SKKS,True,Good
20180819_042858,-16.9783,-178.0332,415.6,6.8,SKKS,True,Fair
20200603_073534,-23.2955,-68.4217,96.84,6.8,SKKS,True,Fair
20120124_005204,-24.8986,178.5999,579.0,6.3,SKKS,False,Fair
20120423_173621,-28.6015,-177.3408,113.8,6.0,SKKS,False,Fair
20120428_100807,-18.7293,-174.6864,132.5,6.7,SKKS,True,Fair
20120703_103615,-40.06,173.66,239.0,6.3,SKKS,True,Good
20120706_022822,-14.6567,167.3043,164.8,6.4,SKKS,True,Fair
20121114_190205,-29.1789,-71.3863,61.5,6.2,SKKS,False,Fair
20121221_222808,-14.3591,167.2778,198.1,6.7,SKKS,True,Fair
20130605_044727,-11.4032,166.3017,53.6,6.0,SKKS,True,Fair
20130724_033234,-23.1593,-177.1534,168.0,6.0,SKKS,True,Fair
20130726_070717,-15.3205,167.6206,141.0,6.1,SKKS,True,Fair
20130828_025441,-27.7888,179.7461,485.1,6.2,SKKS,True,Fair
20131023_082329,-22.9722,-177.0404,157.7,6.0,SKKS,True,Good
20131123_074832,-17.1613,-176.5188,370.1,6.5,SKKS,True,Fair
20140101_160329,-13.8767,167.2723,194.8,6.5,SKKS,False,Good
20140202_092636,-32.9594,-177.9203,32.6,6.4,SKKS,True,Good
20140207_084013,-15.0764,167.4164,124.6,6.5,SKKS,False,Fair
20140305_095658,-14.835,169.8319,648.0,6.4,SKKS,False,Poor
20140316_211628,-19.9051,-70.6156,9.4,6.7,SKKS,False,Fair
20140326_032936,-26.1642,179.2589,495.6,6.4,SKKS,True,Good
20140501_063636,-21.4381,170.3099,116.4,6.6,SKKS,False,Fair
20140703_195007,-30.4601,-176.4451,35.0,6.4,SKKS,True,Good
20140703_195010,-30.35,-176.3,49.1,6.3,SKKS,True,Good
20140708_125625,-17.6864,168.3982,110.2,6.2,SKKS,True,Good
20140708_125630,-17.79,168.3,114.6,6.2,SKKS,True,Fair
20140904_053349,-21.5167,-173.1919,32.4,6.0,SKKS,True,Good
20141116_223323,-37.5989,179.6109,34.5,6.7,SKKS,True,Fair
20160614_134922,-18.7609,168.8279,111.0,6.2,SKKS,True,Good
20160720_151316,-18.9285,169.0547,167.0,6.1,SKKS,False,Fair
20160725_172650,-26.1049,-70.5074,72.0,6.1,SKKS,False,Good
20161104_162043,-35.1033,-70.9964,90.79,6.4,SKKS,False,Fair
20161120_205743,-31.6428,-68.7645,115.79,6.4,SKKS,False,Good
20170415_081943,-23.2706,-67.7655,155.0,6.2,SKKS,False,Good
20170509_135210,-14.5884,167.3767,169.0,6.8,SKKS,False,Fair
20170617_222601,-24.0934,179.6059,511.0,6.1,SKKS,True,Good
20170926_042000,-23.7135,-176.9366,98.07,6.4,SKKS,True,Fair
20180114_091845,-15.7589,-74.7095,39.0,7.1,SKKS,False,Poor
20140316_211628,-19.9051,-70.6156,9.4,6.7,SKKS,True,Fair
20150123_034727,-17.064,168.5545,223.9,6.8,SKKS,True,Good
20191203_084636,-18.5597,-70.6504,32.44,6.0,SKKS,True,Good
20121114_190205,-29.1789,-71.3863,61.5,6.2,SKKS,True,Good
20130615_112037,-33.9023,179.4859,210.0,6.0,SKKS,True,Good
20131123_074832,-17.1613,-176.5188,370.1,6.5,SKKS,False,Fair
20140202_092636,-32.9594,-177.9203,32.6,6.4,SKKS,True,Fair
20140207_084013,-15.0764,167.4164,124.6,6.5,SKKS,True,Fair
20140316_211628,-19.9051,-70.6156,9.4,6.7,SKKS,True,Good
20140326_032936,-26.1642,179.2589,495.6,6.4,SKKS,True,Good
20121221_222808,-14.3591,167.2778,198.1,6.7,SKKS,True,Fair
20130413_224949,-19.103,169.6524,269.3,6.0,SKKS,True,Good
20130426_065328,-28.7301,-178.8979,355.4,6.2,SKKS,False,Fair
20130726_070717,-15.3205,167.6206,141.0,6.1,SKKS,True,Good
20130828_025441,-27.7888,179.7461,485.1,6.2,SKKS,True,Fair
20131123_074832,-17.1613,-176.5188,370.1,6.5,SKKS,True,Good
20140101_160329,-13.8767,167.2723,194.8,6.5,SKKS,True,Fair
20140202_092636,-32.9594,-177.9203,32.6,6.4,SKKS,True,Fair
20140316_211628,-19.9051,-70.6156,9.4,6.7,SKKS,False,Fair
20140326_032936,-26.1642,179.2589,495.6,6.4,SKKS,True,Fair
20140509_103219,-18.935,-175.5746,172.3,6.0,SKKS,True,Fair
20140703_195007,-30.4601,-176.4451,35.0,6.4,SKKS,True,Good
20140703_195010,-30.35,-176.3,49.1,6.3,SKKS,True,Good
20140924_111613,-23.7849,-66.5888,204.5,6.2,SKKS,True,Fair
20141101_185722,-19.8023,-177.8334,435.3,7.1,SKKS,True,Good
20141116_223323,-37.5989,179.6109,34.5,6.7,SKKS,True,Fair
20150202_104948,-32.6484,-67.1501,172.7,6.3,SKKS,True,Good
20150424_033642,-42.1047,173.108,50.8,6.0,SKKS,True,Good
20150428_163939,-20.8766,-178.5801,584.1,6.1,SKKS,True,Good
20150530_171839,-15.7607,-173.4612,37.9,6.0,SKKS,True,Fair
20150610_135208,-22.4098,-68.4519,121.8,6.1,SKKS,False,Poor
20150919_050647,-29.6411,-72.077,6.0,6.1,SKKS,True,Good
20151020_215202,-14.8595,167.3028,135.0,7.1,SKKS,True,Fair
20151107_070431,-29.4642,-72.3015,13.0,6.2,SKKS,False,Fair
20151111_015438,-29.5067,-72.0068,12.0,6.9,SKKS,True,Good
20160725_172650,-26.1049,-70.5074,72.0,6.1,SKKS,True,Fair
20120210_014733,-18.012,-178.4364,577.4,6.0,SKKS,True,Fair
20120423_173621,-28.6015,-177.3408,113.8,6.0,SKKS,True,Fair
20120607_040504,-36.0516,-70.8547,5.8,6.0,SKKS,True,Good
20120607_160318,-15.9117,-72.4723,106.7,6.2,SKKS,True,Fair
20120703_103615,-40.06,173.66,239.0,6.3,SKKS,True,Good
20120706_022822,-14.6567,167.3043,164.8,6.4,SKKS,True,Good
20121114_190205,-29.1789,-71.3863,61.5,6.2,SKKS,True,Good
20121221_222808,-14.3591,167.2778,198.1,6.7,SKKS,True,Good
20130130_201543,-28.1096,-70.8883,46.1,6.8,SKKS,False,Fair
20130201_221637,-11.0263,165.4374,30.0,6.4,SKKS,True,Fair
20130523_210746,-20.6244,-175.7552,151.6,6.3,SKKS,False,Fair
20130726_070717,-15.3205,167.6206,141.0,6.1,SKKS,True,Fair
20130812_094931,-5.4117,-81.979,12.8,6.2,SKKS,True,Fair
20131117_090456,-60.3783,-46.5876,7.9,7.8,SKKS,True,Fair
20131123_074832,-17.1613,-176.5188,370.1,6.5,SKKS,True,Good
20140202_092636,-32.9594,-177.9203,32.6,6.4,SKKS,True,Fair
20140316_211628,-19.9051,-70.6156,9.4,6.7,SKKS,True,Good
20140323_182001,-19.7033,-70.7814,13.9,6.2,SKKS,True,Good
20140326_032936,-26.1642,179.2589,495.6,6.4,SKKS,True,Good
20121202_005423,-17.0957,167.6748,40.0,6.1,SKKS,True,Fair
20130130_201543,-28.1096,-70.8883,46.1,6.8,SKKS,True,Good
20140316_211628,-19.9051,-70.6156,9.4,6.7,SKKS,True,Fair
20140323_182001,-19.7033,-70.7814,13.9,6.2,SKKS,True,Fair
20140708_125625,-17.6864,168.3982,110.2,6.2,SKKS,True,Fair
20140708_125630,-17.79,168.3,114.6,6.2,SKKS,True,Fair
20140824_232141,-14.52,-73.535,70.0,6.8,SKKS,True,Fair
20101228_083417,-23.4129,-179.7154,550.9,6.3,SKKS,True,Good
20110221_105751,-26.0435,178.4765,551.8,6.5,SKKS,True,Good
20110403_140708,-17.6066,-178.5336,547.2,6.4,SKKS,True,Good
20110418_130304,-34.286,179.9433,98.1,6.5,SKKS,True,Fair
20110729_074222,-23.7284,179.8252,522.8,6.7,SKKS,True,Good
20111028_185434,-14.5572,-76.1207,29.0,7.0,SKKS,True,Fair
20120124_005204,-24.8986,178.5999,579.0,6.3,SKKS,True,Good
20120130_051059,-14.2139,-75.6584,34.2,6.4,SKKS,False,Good
20120205_001540,-18.9862,168.9728,158.8,6.1,SKKS,True,Fair
20120423_173621,-28.6015,-177.3408,113.8,6.0,SKKS,True,Good
20120428_100807,-18.7293,-174.6864,132.5,6.7,SKKS,True,Good
20120706_022822,-14.6567,167.3043,164.8,6.4,SKKS,True,Good
20121114_190205,-29.1789,-71.3863,61.5,6.2,SKKS,True,Good
20121221_222808,-14.3591,167.2778,198.1,6.7,SKKS,True,Good
20140202_092636,-32.9594,-177.9203,32.6,6.4,SKKS,True,Good
20140207_084013,-15.0764,167.4164,124.6,6.5,SKKS,True,Good
20140316_211628,-19.9051,-70.6156,9.4,6.7,SKKS,True,Good
20140323_182001,-19.7033,-70.7814,13.9,6.2,SKKS,True,Good
20140326_032936,-26.1642,179.2589,495.6,6.4,SKKS,False,Fair
20140703_195007,-30.4601,-176.4451,35.0,6.4,SKKS,True,Good
20140703_195010,-30.35,-176.3,49.1,6.3,SKKS,True,Good
20140708_125625,-17.6864,168.3982,110.2,6.2,SKKS,False,Good
20140708_125630,-17.79,168.3,114.6,6.2,SKKS,True,Fair
20140904_053349,-21.5167,-173.1919,32.4,6.0,SKKS,True,Fair
20141101_185722,-19.8023,-177.8334,435.3,7.1,SKKS,True,Fair
20141116_223323,-37.5989,179.6109,34.5,6.7,SKKS,True,Good
20150123_034727,-17.064,168.5545,223.9,6.8,SKKS,True,Good
20150211_185720,-23.0653,-66.6621,203.6,6.7,SKKS,True,Fair
20150530_171839,-15.7607,-173.4612,37.9,6.0,SKKS,True,Good
20150610_135208,-22.4098,-68.4519,121.8,6.1,SKKS,True,Good
20150616_061700,-20.3973,-178.9194,656.1,6.0,SKKS,True,Fair
20150824_094125,-30.6497,-179.0971,224.5,6.0,SKKS,True,Good
20150907_084609,-24.2427,179.1278,535.0,6.0,SKKS,True,Good
20150916_225915,-31.618,-71.745,26.7,6.4,SKKS,True,Fair
20150922_071300,-31.4441,-71.2653,58.0,6.0,SKKS,True,Good
20151020_215202,-14.8595,167.3028,135.0,7.1,SKKS,True,Good
20160614_134922,-18.7609,168.8279,111.0,6.2,SKKS,True,Good
20160720_151316,-18.9285,169.0547,167.0,6.1,SKKS,True,Good
20160725_172650,-26.1049,-70.5074,72.0,6.1,SKKS,False,Good
20161104_162043,-35.1033,-70.9964,90.79,6.4,SKKS,True,Good
20170415_081943,-23.2706,-67.7655,155.0,6.2,SKKS,True,Fair
20170509_135210,-14.5884,167.3767,169.0,6.8,SKKS,True,Good
20170617_222601,-24.0934,179.6059,511.0,6.1,SKKS,True,Good
20170926_042000,-23.7135,-176.9366,98.07,6.4,SKKS,False,Fair
20180410_101934,-30.9862,-71.5566,76.08,6.2,SKKS,True,Fair
20180713_094649,-18.9332,169.0224,169.16,6.4,SKKS,True,Good
20180819_042858,-16.9783,-178.0332,415.6,6.8,SKKS,True,Good
20180916_211148,-25.421,178.2059,576.0,6.5,SKKS,True,Fair
20181016_010343,-21.726,169.4867,10.0,6.4,SKKS,True,Fair
20181223_230843,-20.2873,-175.0923,113.0,6.4,SKKS,False,Fair
20190320_152358,-15.5965,167.6551,119.0,6.3,SKKS,True,Good
20190617_060205,-30.9381,-177.5972,16.0,6.0,SKKS,True,Good
20190621_083716,-30.8598,-177.4658,14.0,6.3,SKKS,True,Good
20190731_150233,-16.1985,167.9982,181.0,6.6,SKKS,True,Good
20190824_155127,-14.2896,167.1983,115.0,6.0,SKKS,True,Good
20190926_163618,-40.8152,-72.0019,129.0,6.1,SKKS,True,Fair
20191021_025229,-19.0184,169.4883,231.0,6.4,SKKS,True,Good
20191104_215325,-31.8362,-71.3753,53.0,6.1,SKKS,True,Good
20191108_104444,-21.9688,-179.4911,582.92,6.5,SKKS,True,Good
20191204_201003,-19.0677,169.5748,266.0,6.0,SKKS,True,Good
20200318_031345,-13.1364,167.0277,176.0,6.1,SKKS,False,Poor
20200414_010647,-30.3889,-176.3478,31.0,6.0,SKKS,True,Good
20200603_073534,-23.2955,-68.4217,96.84,6.8,SKKS,True,Good
20200805_120536,-16.0919,168.078,178.9,6.4,SKKS,True,Good
20201001_011336,-19.5385,-174.1217,28.0,6.4,SKKS,True,Good
20201006_101146,-18.0101,-178.4762,633.92,6.0,SKKS,True,Fair
20201023_070430,-25.64,-179.9572,454.0,6.1,SKKS,True,Fair
20110819_035426,-16.5461,-176.8522,405.9,6.2,SKKS,True,Good
20120326_181253,10.0652,-104.1936,10.0,6.0,SKKS,True,Fair
20120423_173621,-28.6015,-177.3408,113.8,6.0,SKKS,True,Good
20120428_100807,-18.7293,-174.6864,132.5,6.7,SKKS,True,Good
20120703_103615,-40.06,173.66,239.0,6.3,SKKS,False,Fair
20121113_043130,-45.669,-77.0841,35.0,6.0,SKKS,False,Poor
20130413_224949,-19.103,169.6524,269.3,6.0,SKKS,True,Good
20130426_065328,-28.7301,-178.8979,355.4,6.2,SKKS,True,Good
20130812_094931,-5.4117,-81.979,12.8,6.2,SKKS,True,Fair
20131123_074832,-17.1613,-176.5188,370.1,6.5,SKKS,False,Good
20140316_211628,-19.9051,-70.6156,9.4,6.7,SKKS,True,Good
20140317_051133,-20.06,-70.8284,5.3,6.4,SKKS,True,Good
20140403_015829,-20.3644,-70.5007,10.6,6.6,SKKS,True,Good
20140404_013751,-20.6075,-70.5337,19.3,6.2,SKKS,True,Good
20141116_223323,-37.5989,179.6109,34.5,6.7,SKKS,True,Fair
20150123_034727,-17.064,168.5545,223.9,6.8,SKKS,True,Fair
20150211_185720,-23.0653,-66.6621,203.6,6.7,SKKS,False,Fair
20150610_135208,-22.4098,-68.4519,121.8,6.1,SKKS,False,Fair
20150928_152805,-23.8,-66.6,219.0,6.0,SKKS,True,Good
20160725_172650,-26.1049,-70.5074,72.0,6.1,SKKS,False,Fair
20160908_214620,-54.6136,158.7126,10.0,6.1,SKKS,True,Good
20170218_121017,-23.8613,-66.6592,222.0,6.3,SKKS,True,Fair
20170415_081943,-23.2706,-67.7655,155.0,6.2,SKKS,True,Good
20180410_101934,-30.9862,-71.5566,76.08,6.2,SKKS,False,Fair
20180819_042858,-16.9783,-178.0332,415.6,6.8,SKKS,True,Fair
20190120_013251,-30.071,-71.4202,54.82,6.7,SKKS,False,Fair
20190802_055055,-49.7307,-113.8331,10.0,6.0,SKKS,True,Good
20190926_163618,-40.8152,-72.0019,129.0,6.1,SKKS,True,Fair
20191104_215325,-31.8362,-71.3753,53.0,6.1,SKKS,True,Fair
20191204_201003,-19.0677,169.5748,266.0,6.0,SKKS,True,Good
20200414_010647,-30.3889,-176.3478,31.0,6.0,SKKS,True,Fair
20200603_073534,-23.2955,-68.4217,96.84,6.8,SKKS,False,Good
20201227_213914,-39.3374,-74.9881,10.0,6.7,SKKS,True,Good
20120417_035015,-32.6374,-71.5641,29.7,6.7,SKKS,True,Fair
20120423_173621,-28.6015,-177.3408,113.8,6.0,SKKS,True,Fair
20120428_100807,-18.7293,-174.6864,132.5,6.7,SKKS,True,Good
20120607_040504,-36.0516,-70.8547,5.8,6.0,SKKS,False,Fair
20120703_103615,-40.06,173.66,239.0,6.3,SKKS,True,Fair
20120706_022822,-14.6567,167.3043,164.8,6.4,SKKS,True,Fair
20121020_230032,-13.573,166.6105,43.5,6.2,SKKS,True,Fair
20121221_222808,-14.3591,167.2778,198.1,6.7,SKKS,True,Fair
20130426_065328,-28.7301,-178.8979,355.4,6.2,SKKS,True,Good
20130511_204657,-17.9392,-175.1186,210.3,6.3,SKKS,True,Fair
20131123_074832,-17.1613,-176.5188,370.1,6.5,SKKS,False,Poor
20140207_084013,-15.0764,167.4164,124.6,6.5,SKKS,False,Fair
20140509_103219,-18.935,-175.5746,172.3,6.0,SKKS,True,Good
20140703_195007,-30.4601,-176.4451,35.0,6.4,SKKS,True,Fair
20140703_195010,-30.35,-176.3,49.1,6.3,SKKS,True,Fair
20140721_145441,-19.8015,-178.4001,615.4,6.9,SKKS,False,Poor
20141101_185722,-19.8023,-177.8334,435.3,7.1,SKKS,False,Good
20150530_171839,-15.7607,-173.4612,37.9,6.0,SKKS,True,Fair
20170926_042000,-23.7135,-176.9366,98.07,6.4,SKKS,True,Fair
20180819_042858,-16.9783,-178.0332,415.6,6.8,SKKS,True,Good
20190519_142712,-21.7384,169.5741,19.95,6.0,SKKS,True,Good
20140316_211628,-19.9051,-70.6156,9.4,6.7,SKKS,True,Fair
20140404_013751,-20.6075,-70.5337,19.3,6.2,SKKS,True,Fair
20140703_195007,-30.4601,-176.4451,35.0,6.4,SKKS,True,Good
20140703_195010,-30.35,-176.3,49.1,6.3,SKKS,True,Fair
20140924_111613,-23.7849,-66.5888,204.5,6.2,SKKS,True,Fair
20150123_034727,-17.064,168.5545,223.9,6.8,SKKS,True,Fair
20170218_121017,-23.8613,-66.6592,222.0,6.3,SKKS,True,Good
20180114_091845,-15.7589,-74.7095,39.0,7.1,SKKS,True,Good
20180410_101934,-30.9862,-71.5566,76.08,6.2,SKKS,True,Fair
20181101_221951,-19.5882,-69.2923,102.0,6.2,SKKS,True,Fair
20190120_013251,-30.071,-71.4202,54.82,6.7,SKKS,True,Good
20190418_144601,-51.0555,139.4904,10.0,6.5,SKKS,True,Good
20190926_163618,-40.8152,-72.0019,129.0,6.1,SKKS,True,Fair
20191104_215325,-31.8362,-71.3753,53.0,6.1,SKKS,True,Good
20201214_152049,-21.8063,-68.7079,114.0,6.0,SKKS,True,Fair
20110221_105751,-26.0435,178.4765,551.8,6.5,SKKS,False,Fair
20110729_074222,-23.7284,179.8252,522.8,6.7,SKKS,True,Fair
20120124_005204,-24.8986,178.5999,579.0,6.3,SKKS,True,Good
20120130_051059,-14.2139,-75.6584,34.2,6.4,SKKS,False,Poor
20140316_211628,-19.9051,-70.6156,9.4,6.7,SKKS,True,Fair
20150916_225915,-31.618,-71.745,26.7,6.4,SKKS,True,Fair
20151020_215202,-14.8595,167.3028,135.0,7.1,SKKS,True,Good
20110729_074222,-23.7284,179.8252,522.8,6.7,SKKS,True,Good
20120109_040715,-10.5892,165.3084,33.3,6.4,SKKS,True,Fair
20120124_005204,-24.8986,178.5999,579.0,6.3,SKKS,True,Good
20121221_222808,-14.3591,167.2778,198.1,6.7,SKKS,True,Fair
20140207_084013,-15.0764,167.4164,124.6,6.5,SKKS,True,Fair
20140326_032936,-26.1642,179.2589,495.6,6.4,SKKS,True,Fair
20140401_234647,-19.6193,-70.7877,17.1,8.1,SKKS,False,Good
20140708_125625,-17.6864,168.3982,110.2,6.2,SKKS,False,Poor
20140708_125630,-17.79,168.3,114.6,6.2,SKKS,False,Poor
20140708_125625,-17.6864,168.3982,110.2,6.2,SKKS,False,Poor
20160614_134922,-18.7609,168.8279,111.0,6.2,SKKS,True,Good
20150123_034727,-17.064,168.5545,223.9,6.8,SKKS,True,Good
20131117_090456,-60.3783,-46.5876,7.9,7.8,SKKS,True,Good
20131123_074832,-17.1613,-176.5188,370.1,6.5,SKKS,True,Good
20140326_032936,-26.1642,179.2589,495.6,6.4,SKKS,True,Fair
20130812_094931,-5.4117,-81.979,12.8,6.2,SKKS,True,Good
20131123_074832,-17.1613,-176.5188,370.1,6.5,SKKS,True,Fair
20140207_084013,-15.0764,167.4164,124.6,6.5,SKKS,True,Fair
20150211_185720,-23.0653,-66.6621,203.6,6.7,SKKS,True,Fair
20151107_070431,-29.4642,-72.3015,13.0,6.2,SKKS,True,Good
20160403_082352,-14.3235,166.8551,26.0,6.9,SKKS,True,Good
20150123_034727,-17.064,168.5545,223.9,6.8,SKKS,True,Good
20150211_185720,-23.0653,-66.6621,203.6,6.7,SKKS,False,Fair
20150919_050647,-29.6411,-72.077,6.0,6.1,SKKS,True,Good
20140207_084013,-15.0764,167.4164,124.6,6.5,SKKS,False,Good
20140326_032936,-26.1642,179.2589,495.6,6.4,SKKS,True,Good
20150123_034727,-17.064,168.5545,223.9,6.8,SKKS,False,Fair
20101228_083417,-23.4129,-179.7154,550.9,6.3,SKKS,True,Fair
20140316_211628,-19.9051,-70.6156,9.4,6.7,SKKS,True,Good
20150202_104948,-32.6484,-67.1501,172.7,6.3,SKKS,True,Good
20130812_041647,-30.6243,-179.6421,341.4,6.2,SKKS,True,Fair
20110621_020416,-11.4834,165.4962,18.7,6.0,SKKS,True,Fair
20110729_074222,-23.7284,179.8252,522.8,6.7,SKKS,True,Good
20110901_061439,-12.4548,166.6817,52.0,6.0,SKKS,True,Fair
20120124_005204,-24.8986,178.5999,579.0,6.3,SKKS,True,Fair
20120130_051059,-14.2139,-75.6584,34.2,6.4,SKKS,True,Good
20130426_065328,-28.7301,-178.8979,355.4,6.2,SKKS,False,Good
20130523_171904,-23.0783,-177.2133,177.7,7.4,SKKS,True,Fair
20130925_164243,-15.9001,-74.6012,38.2,7.0,SKKS,True,Fair
20131123_074832,-17.1613,-176.5188,370.1,6.5,SKKS,True,Fair
20101228_083417,-23.4129,-179.7154,550.9,6.3,SKKS,True,Good
20110221_105751,-26.0435,178.4765,551.8,6.5,SKKS,True,Good
20110418_130304,-34.286,179.9433,98.1,6.5,SKKS,True,Fair
20110620_163600,-21.771,-68.3834,126.2,6.5,SKKS,True,Good
20110221_105751,-26.0435,178.4765,551.8,6.5,SKKS,True,Fair
20110403_140708,-17.6066,-178.5336,547.2,6.4,SKKS,True,Fair
20110620_163600,-21.771,-68.3834,126.2,6.5,SKKS,True,Fair
20110729_074222,-23.7284,179.8252,522.8,6.7,SKKS,True,Good
20120109_040715,-10.5892,165.3084,33.3,6.4,SKKS,True,Fair
20120124_005204,-24.8986,178.5999,579.0,6.3,SKKS,True,Fair
20120428_100807,-18.7293,-174.6864,132.5,6.7,SKKS,False,Fair
20110824_174611,-7.6203,-74.538,149.3,7.0,SKS,True,Fair
20110830_065741,-6.3592,126.7502,467.2,6.9,SKS,False,Fair
20110903_044858,-56.5611,-26.9231,96.3,6.4,SKS,True,Fair
20110909_194133,49.3886,-127.0648,15.4,6.5,SKS,False,Fair
20111014_033515,-6.6259,147.9311,43.2,6.5,SKS,False,Good
20111122_184816,-15.3083,-65.1634,560.3,6.6,SKS,True,Fair
20111128_122647,-5.5101,153.801,43.2,6.1,SKS,False,Good
20111117_015704,-1.7479,-81.7057,19.6,6.0,SKS,False,Fair
20111122_184816,-15.3083,-65.1634,560.3,6.6,SKS,True,Good
20111122_184816,-15.3083,-65.1634,560.3,6.6,SKS,True,Fair
20180110_025131,17.4743,-83.5193,10.0,7.5,SKS,True,Good
20180906_154914,-18.4952,179.3555,617.87,7.9,SKS,True,Good
20130707_203007,-6.036,149.7262,65.9,6.6,SKS,True,Fair
20140316_211628,-19.9051,-70.6156,9.4,6.7,SKS,True,Fair
20140411_202913,11.7198,-86.014,142.3,6.6,SKS,True,Fair
20140507_042039,-7.0145,154.9469,41.0,6.0,SKS,True,Fair
20150916_140322,-6.0114,151.4768,6.0,6.1,SKS,True,Good
20121210_165309,-6.4969,129.8684,161.5,7.1,SKS,True,Good
20131201_012415,-7.0288,128.4151,25.9,6.5,SKS,True,Good
20140113_040104,18.9922,-66.8685,30.9,6.3,SKS,True,Fair
20140218_092714,14.596,-58.9719,28.3,6.5,SKS,True,Good
20130707_183531,-4.0134,153.9277,387.1,7.3,SKS,True,Fair
20140412_201438,-11.2581,162.1387,15.3,7.6,SKS,True,Fair
20140413_123619,-11.4669,161.9601,34.2,7.4,SKS,True,Fair
20151217_194953,15.8009,-93.6294,85.0,6.6,SKS,True,Fair
20160518_075702,0.4261,-79.7899,16.0,6.7,SKS,True,Good
20170509_135210,-14.5884,167.3767,169.0,6.8,SKS,True,Good
20170713_033608,-4.7722,153.1958,34.78,6.4,SKS,True,Fair
20180308_173951,-4.3853,153.1874,22.53,6.8,SKS,True,Good
20180324_112332,-5.4959,151.4971,33.0,6.3,SKS,True,Fair
20180509_075755,-5.8916,151.7962,10.0,6.0,SKS,True,Fair
20181101_221951,-19.5882,-69.2923,102.0,6.2,SKS,True,Fair
20200721_205625,-20.8045,-178.6325,605.2,6.0,SKS,True,Good
20201103_024054,-44.4106,-79.3773,10.0,6.0,SKS,True,Good
20180211_231415,13.8205,146.4377,10.0,6.0,SKS,True,Good
20180325_201447,-6.6247,129.8138,169.0,6.4,SKS,True,Fair
20180728_170723,-7.1221,122.7474,577.48,6.0,SKS,False,Fair
20180821_213147,10.7791,-62.907,146.18,7.3,SKS,True,Good
20180828_223513,16.8044,146.8395,55.0,6.4,SKS,True,Good
20190619_172448,-2.243,138.4599,10.0,6.3,SKS,False,Fair
20190624_025339,-6.4078,129.1692,212.0,7.3,SKS,True,Fair
20190714_053923,-18.2237,120.3574,10.0,6.6,SKS,True,Fair
20180819_001940,-18.1125,-178.1536,600.0,8.2,SKS,True,Fair
20181211_022632,-58.5981,-26.4656,164.66,7.1,SKS,True,Fair
20190222_101722,-2.199,-77.0231,132.36,7.5,SKS,True,Fair
20190301_085042,-14.7016,-70.135,267.0,7.0,SKS,False,Fair
20200717_025022,-7.8386,147.7754,73.0,7.0,SKS,True,Good
20120321_221505,-6.2233,146.0083,117.7,6.6,SKS,True,Fair
20140316_211628,-19.9051,-70.6156,9.4,6.7,SKS,True,Fair
20140510_073600,17.0579,-100.9323,23.3,6.1,SKS,True,Fair
20140629_075256,-55.4757,-28.3956,15.1,6.8,SKS,True,Fair
20140707_112354,14.724,-92.4614,53.0,6.9,SKS,True,Fair
20140824_232141,-14.52,-73.535,70.0,6.8,SKS,True,Fair
20140824_232143,-14.589,-73.45,74.4,6.8,SKS,True,Fair
20150123_034727,-17.064,168.5545,223.9,6.8,SKS,True,Fair
20150211_185720,-23.0653,-66.6621,203.6,6.7,SKS,True,Fair
20150501_080605,-5.1981,151.7512,63.6,6.7,SKS,True,Fair
20150610_135208,-22.4098,-68.4519,121.8,6.1,SKS,True,Fair
20150916_140322,-6.0114,151.4768,6.0,6.1,SKS,True,Fair
20121210_165309,-6.4969,129.8684,161.5,7.1,SKS,True,Fair
20130406_044236,-3.4714,138.4743,69.4,7.0,SKS,True,Good
20130416_225527,-3.2237,142.5671,16.3,6.6,SKS,True,Fair
20130514_003226,18.7672,145.2903,611.7,6.8,SKS,True,Fair
20131201_012415,-7.0288,128.4151,25.9,6.5,SKS,True,Good
20140113_040104,18.9922,-66.8685,30.9,6.3,SKS,True,Good
20111214_050457,-7.5278,146.814,128.5,7.1,SKS,True,Fair
20130707_183531,-4.0134,153.9277,387.1,7.3,SKS,True,Fair
20140413_123619,-11.4669,161.9601,34.2,7.4,SKS,True,Fair
20150211_185720,-23.0653,-66.6621,203.6,6.7,SKS,True,Fair
20150916_225432,-31.5729,-71.6744,22.44,8.3,SKS,True,Fair
20160518_164643,0.4947,-79.616,29.95,6.9,SKS,True,Fair
20170614_072905,14.9823,-91.9882,94.0,6.9,SKS,True,Good
20180308_173951,-4.3853,153.1874,22.53,6.8,SKS,True,Good
20180509_075755,-5.8916,151.7962,10.0,6.0,SKS,True,Fair
20181205_041436,-21.9814,169.3156,10.0,6.0,SKS,True,Good
20190201_161413,14.7628,-92.2981,67.93,6.6,SKS,True,Fair
20190217_143555,-3.3412,152.1319,368.12,6.4,SKS,True,Good
20190530_090328,13.1462,-89.3663,25.0,6.6,SKS,True,Fair
20200603_073534,-23.2955,-68.4217,96.84,6.8,SKS,True,Fair
20200901_040928,-27.9728,-71.3031,23.0,6.8,SKS,True,Fair
20201130_225503,-24.3318,-67.0203,189.0,6.3,SKS,True,Good
20151104_034415,-8.3381,124.8754,20.0,6.5,SKS,True,Fair
20151204_222500,-47.6165,85.0913,35.0,7.1,SKS,True,Good
20171024_104747,-7.2364,123.0401,549.19,6.7,SKS,True,Fair
20180211_231415,13.8205,146.4377,10.0,6.0,SKS,True,Good
20180325_201447,-6.6247,129.8138,169.0,6.4,SKS,True,Good
20180821_213147,10.7791,-62.907,146.18,7.3,SKS,True,Fair
20180828_223513,16.8044,146.8395,55.0,6.4,SKS,True,Good
20200613_210830,18.9317,145.1116,622.0,6.2,SKS,True,Fair
20200821_040952,-6.6869,123.4829,627.76,6.9,SKS,True,Fair
20161124_184348,11.9597,-88.8355,10.34,7.0,SKS,True,Fair
20180216_233939,16.3887,-97.9789,25.98,7.2,SKS,True,Good
20180819_001940,-18.1125,-178.1536,600.0,8.2,SKS,True,Good
20180906_154914,-18.4952,179.3555,617.87,7.9,SKS,True,Good
20181211_022632,-58.5981,-26.4656,164.66,7.1,SKS,False,Fair
20200717_025022,-7.8386,147.7754,73.0,7.0,SKS,True,Fair
20140316_211628,-19.9051,-70.6156,9.4,6.7,SKS,True,Fair
20140708_125625,-17.6864,168.3982,110.2,6.2,SKS,True,Fair
20150916_140322,-6.0114,151.4768,6.0,6.1,SKS,True,Good
20131119_170045,18.4629,145.165,531.1,6.0,SKS,True,Good
20131201_012415,-7.0288,128.4151,25.9,6.5,SKS,True,Fair
20140113_040104,18.9922,-66.8685,30.9,6.3,SKS,True,Fair
20140218_092714,14.596,-58.9719,28.3,6.5,SKS,False,Fair
20130715_140341,-61.0527,-25.2274,19.9,7.3,SKS,True,Fair
20131117_090456,-60.3783,-46.5876,7.9,7.8,SKS,True,Fair
20151217_194953,15.8009,-93.6294,85.0,6.6,SKS,True,Good
20160725_193845,-2.969,148.0345,14.0,6.4,SKS,True,Good
20170614_072905,14.9823,-91.9882,94.0,6.9,SKS,True,Good
20180308_173951,-4.3853,153.1874,22.53,6.8,SKS,True,Good
20180509_075755,-5.8916,151.7962,10.0,6.0,SKS,True,Fair
20190201_161413,14.7628,-92.2981,67.93,6.6,SKS,True,Good
20190409_175359,-58.6064,-25.2559,44.83,6.5,SKS,True,Good
20160729_211826,18.5439,145.541,207.62,7.7,SKS,True,Good
20171024_104747,-7.2364,123.0401,549.19,6.7,SKS,True,Good
20180211_231415,13.8205,146.4377,10.0,6.0,SKS,True,Good
20180325_201447,-6.6247,129.8138,169.0,6.4,SKS,False,Good
20180821_213147,10.7791,-62.907,146.18,7.3,SKS,True,Fair
20180828_223513,16.8044,146.8395,55.0,6.4,SKS,True,Fair
20190619_172448,-2.243,138.4599,10.0,6.3,SKS,True,Fair
20190624_025339,-6.4078,129.1692,212.0,7.3,SKS,True,Fair
20200506_135356,-6.7949,129.8613,107.0,6.8,SKS,False,Fair
20200821_040952,-6.6869,123.4829,627.76,6.9,SKS,False,Fair
20190301_085042,-14.7016,-70.135,267.0,7.0,SKS,False,Good
20110101_095658,-26.8513,-63.2373,584.3,7.0,SKS,True,Good
20110113_164310,-20.6703,168.4717,29.7,6.0,SKS,True,Fair
20110407_131123,17.2651,-94.1439,165.1,6.7,SKS,True,Fair
20110601_125521,-37.5547,-73.8322,10.0,6.3,SKS,True,Fair
20111014_033515,-6.6259,147.9311,43.2,6.5,SKS,False,Poor
20111027_001524,-17.9419,-179.4302,606.0,6.0,SKS,True,Fair
20111122_184816,-15.3083,-65.1634,560.3,6.6,SKS,True,Fair
20111211_095456,-56.049,-28.2135,130.6,6.3,SKS,True,Fair
20120121_184713,14.933,-93.1422,63.5,6.2,SKS,True,Fair
20120417_071349,-5.5336,147.125,208.2,6.9,SKS,True,Good
20120514_100039,-17.7968,-69.7926,108.7,6.3,SKS,False,Poor
20120528_050723,-28.021,-63.1134,591.1,6.7,SKS,True,Fair
20120607_160318,-15.9117,-72.4723,106.7,6.2,SKS,True,Good
20120728_200359,-4.654,153.1678,58.8,6.5,SKS,True,Fair
20150211_185720,-23.0653,-66.6621,203.6,6.7,SKS,True,Fair
20150323_045137,-18.3544,-69.1883,127.1,6.4,SKS,True,Fair
20110830_065741,-6.3592,126.7502,467.2,6.9,SKS,True,Fair
20130406_044236,-3.4714,138.4743,69.4,7.0,SKS,False,Fair
20130514_003226,18.7672,145.2903,611.7,6.8,SKS,True,Fair
20110101_095658,-26.8513,-63.2373,584.3,7.0,SKS,True,Fair
20111214_050457,-7.5278,146.814,128.5,7.1,SKS,True,Fair
20150211_185720,-23.0653,-66.6621,203.6,6.7,SKS,True,Fair
20170614_072905,14.9823,-91.9882,94.0,6.9,SKS,True,Fair
20170713_033608,-4.7722,153.1958,34.78,6.4,SKS,True,Fair
20190530_090328,13.1462,-89.3663,25.0,6.6,SKS,True,Fair
20171024_104747,-7.2364,123.0401,549.19,6.7,SKS,True,Good
20190619_172448,-2.243,138.4599,10.0,6.3,SKS,True,Fair
20190624_025339,-6.4078,129.1692,212.0,7.3,SKS,True,Good
20190714_053923,-18.2237,120.3574,10.0,6.6,SKS,True,Fair
20181211_022632,-58.5981,-26.4656,164.66,7.1,SKS,True,Fair
20190301_085042,-14.7016,-70.135,267.0,7.0,SKS,True,Good
20200717_025022,-7.8386,147.7754,73.0,7.0,SKS,True,Fair
20140629_075256,-55.4757,-28.3956,15.1,6.8,SKS,True,Fair
20140629_143249,-55.4186,-28.224,11.9,6.0,SKS,True,Fair
20140707_112354,14.724,-92.4614,53.0,6.9,SKS,True,Good
20140729_104613,17.81,-95.501,99.0,6.4,SKS,True,Fair
20140824_232141,-14.52,-73.535,70.0,6.8,SKS,True,Fair
20140824_232143,-14.589,-73.45,74.4,6.8,SKS,True,Fair
20140925_091352,-9.4478,156.3501,19.7,6.1,SKS,False,Poor
20150123_034727,-17.064,168.5545,223.9,6.8,SKS,True,Fair
20150211_185720,-23.0653,-66.6621,203.6,6.7,SKS,True,Fair
20150216_220054,-55.5186,-28.2292,18.1,6.3,SKS,True,Fair
20150323_045137,-18.3544,-69.1883,127.1,6.4,SKS,True,Good
20150501_080605,-5.1981,151.7512,63.6,6.7,SKS,True,Fair
20150211_185720,-23.0653,-66.6621,203.6,6.7,SKS,True,Fair
20180121_010642,-18.8524,-69.4564,116.0,6.3,SKS,True,Good
20180308_173951,-4.3853,153.1874,22.53,6.8,SKS,True,Fair
20180509_075755,-5.8916,151.7962,10.0,6.0,SKS,True,Good
20181101_221951,-19.5882,-69.2923,102.0,6.2,SKS,True,Good
20190217_143555,-3.3412,152.1319,368.12,6.4,SKS,True,Good
20200603_073534,-23.2955,-68.4217,96.84,6.8,SKS,True,Fair
20171024_104747,-7.2364,123.0401,549.19,6.7,SKS,True,Good
20180325_201447,-6.6247,129.8138,169.0,6.4,SKS,True,Good
20180728_170723,-7.1221,122.7474,577.48,6.0,SKS,True,Fair
20180821_213147,10.7791,-62.907,146.18,7.3,SKS,True,Fair
20180828_070811,-10.8859,124.1187,14.0,6.2,SKS,True,Fair
20190619_172448,-2.243,138.4599,10.0,6.3,SKS,True,Fair
20190624_025339,-6.4078,129.1692,212.0,7.3,SKS,True,Good
20200506_135356,-6.7949,129.8613,107.0,6.8,SKS,True,Fair
20200613_210830,18.9317,145.1116,622.0,6.2,SKS,True,Fair
20200821_040952,-6.6869,123.4829,627.76,6.9,SKS,True,Good
20150211_185720,-23.0653,-66.6621,203.6,6.7,SKS,True,Fair
20150323_045137,-18.3544,-69.1883,127.1,6.4,SKS,True,Fair
20150907_084609,-24.2427,179.1278,535.0,6.0,SKS,True,Fair
20150916_140322,-6.0114,151.4768,6.0,6.1,SKS,True,Fair
20141014_035137,12.5893,-88.072,63.9,7.3,SKS,True,Fair
20150211_185720,-23.0653,-66.6621,203.6,6.7,SKS,True,Fair
20180110_025131,17.4743,-83.5193,10.0,7.5,SKS,True,Fair
20131016_103100,-6.4787,154.9648,58.0,6.8,SKS,True,Fair
20131113_234548,-60.3091,-47.2872,10.0,6.0,SKS,False,Poor
20140316_211628,-19.9051,-70.6156,9.4,6.7,SKS,True,Fair
20140411_202913,11.7198,-86.014,142.3,6.6,SKS,True,Good
20140707_112354,14.724,-92.4614,53.0,6.9,SKS,True,Fair
20150916_140322,-6.0114,151.4768,6.0,6.1,SKS,True,Fair
20121012_003131,-4.8858,134.0822,34.6,6.6,SKS,True,Fair
20121210_165309,-6.4969,129.8684,161.5,7.1,SKS,True,Fair
20130406_044236,-3.4714,138.4743,69.4,7.0,SKS,True,Good
20131201_012415,-7.0288,128.4151,25.9,6.5,SKS,True,Good
20140113_040104,18.9922,-66.8685,30.9,6.3,SKS,True,Fair
20121107_163549,14.0318,-92.0669,38.7,7.4,SKS,True,Good
20140412_201438,-11.2581,162.1387,15.3,7.6,SKS,True,Good
20170614_072905,14.9823,-91.9882,94.0,6.9,SKS,True,Good
20170713_033608,-4.7722,153.1958,34.78,6.4,SKS,True,Good
20170923_125302,16.7732,-94.9509,9.62,6.1,SKS,True,Fair
20180308_173951,-4.3853,153.1874,22.53,6.8,SKS,True,Good
20180509_075755,-5.8916,151.7962,10.0,6.0,SKS,True,Fair
20160729_211826,18.5439,145.541,207.62,7.7,SKS,True,Good
20160823_193944,-7.2805,122.4255,532.4,6.0,SKS,True,Fair
20171024_104747,-7.2364,123.0401,549.19,6.7,SKS,True,Good
20180211_231415,13.8205,146.4377,10.0,6.0,SKS,True,Good
20180728_170723,-7.1221,122.7474,577.48,6.0,SKS,True,Fair
20180821_213147,10.7791,-62.907,146.18,7.3,SKS,True,Good
20180828_070811,-10.8859,124.1187,14.0,6.2,SKS,True,Fair
20161124_184348,11.9597,-88.8355,10.34,7.0,SKS,True,Good
20180906_154914,-18.4952,179.3555,617.87,7.9,SKS,True,Fair
20181211_022632,-58.5981,-26.4656,164.66,7.1,SKS,False,Fair
20190222_101722,-2.199,-77.0231,132.36,7.5,SKS,True,Fair
20150211_185720,-23.0653,-66.6621,203.6,6.7,SKS,True,Fair
20150323_045137,-18.3544,-69.1883,127.1,6.4,SKS,True,Good
20150330_081801,-15.4394,-172.905,15.2,6.3,SKS,True,Good
20150916_140322,-6.0114,151.4768,6.0,6.1,SKS,True,Good
20141206_220510,-6.11,130.4829,116.0,6.0,SKS,True,Fair
20150227_134505,-7.358,122.4906,559.1,7.0,SKS,True,Fair
20150211_185720,-23.0653,-66.6621,203.6,6.7,SKS,True,Good
20170305_224753,-5.9945,149.3619,37.0,6.3,SKS,True,Good
20170713_033608,-4.7722,153.1958,34.78,6.4,SKS,True,Fair
20180228_024545,-6.1673,142.4795,16.0,6.1,SKS,True,Good
20180308_173951,-4.3853,153.1874,22.53,6.8,SKS,True,Fair
20180509_075755,-5.8916,151.7962,10.0,6.0,SKS,True,Good
20180713_094649,-18.9332,169.0224,169.16,6.4,SKS,True,Good
20180910_041902,-31.7447,-179.3728,115.0,6.9,SKS,True,Fair
20190201_161413,14.7628,-92.2981,67.93,6.6,SKS,True,Fair
20190217_143555,-3.3412,152.1319,368.12,6.4,SKS,True,Good
20200603_073534,-23.2955,-68.4217,96.84,6.8,SKS,True,Good
20161221_001714,-7.5082,127.9206,152.0,6.7,SKS,False,Fair
20171024_104747,-7.2364,123.0401,549.19,6.7,SKS,True,Fair
20180325_201447,-6.6247,129.8138,169.0,6.4,SKS,True,Fair
20180821_213147,10.7791,-62.907,146.18,7.3,SKS,True,Good
20180828_070811,-10.8859,124.1187,14.0,6.2,SKS,True,Fair
20190619_172448,-2.243,138.4599,10.0,6.3,SKS,True,Good
20190624_025339,-6.4078,129.1692,212.0,7.3,SKS,True,Fair
20200821_040952,-6.6869,123.4829,627.76,6.9,SKS,True,Good
20180819_001940,-18.1125,-178.1536,600.0,8.2,SKS,True,Good
20181211_022632,-58.5981,-26.4656,164.66,7.1,SKS,True,Fair
20150916_140322,-6.0114,151.4768,6.0,6.1,SKS,False,Fair
20131119_170045,18.4629,145.165,531.1,6.0,SKS,True,Fair
20131201_012415,-7.0288,128.4151,25.9,6.5,SKS,True,Good
20140515_081636,6.3995,144.9597,16.7,6.3,SKS,True,Fair
20140412_201438,-11.2581,162.1387,15.3,7.6,SKS,True,Fair
20170713_033608,-4.7722,153.1958,34.78,6.4,SKS,True,Fair
20180308_173951,-4.3853,153.1874,22.53,6.8,SKS,True,Good
20180509_075755,-5.8916,151.7962,10.0,6.0,SKS,True,Good
20180910_041902,-31.7447,-179.3728,115.0,6.9,SKS,True,Fair
20191102_180841,-55.6659,-26.2338,8.0,6.1,SKS,True,Good
20200318_031345,-13.1364,167.0277,176.0,6.1,SKS,True,Fair
20161205_011304,-7.3158,123.3802,526.0,6.3,SKS,True,Fair
20180211_231415,13.8205,146.4377,10.0,6.0,SKS,True,Good
20180324_195833,-45.7783,96.0692,10.0,6.0,SKS,True,Fair
20180325_201447,-6.6247,129.8138,169.0,6.4,SKS,True,Good
20180821_213147,10.7791,-62.907,146.18,7.3,SKS,True,Good
20180828_070811,-10.8859,124.1187,14.0,6.2,SKS,True,Fair
20190619_172448,-2.243,138.4599,10.0,6.3,SKS,True,Good
20190624_025339,-6.4078,129.1692,212.0,7.3,SKS,True,Good
20191225_033601,50.6081,-129.9656,6.38,6.3,SKS,True,Good
20180819_001940,-18.1125,-178.1536,600.0,8.2,SKS,True,Fair
20180906_154914,-18.4952,179.3555,617.87,7.9,SKS,True,Good
20181211_022632,-58.5981,-26.4656,164.66,7.1,SKS,True,Fair
20190222_101722,-2.199,-77.0231,132.36,7.5,SKS,True,Good
20190301_085042,-14.7016,-70.135,267.0,7.0,SKS,True,Fair
20200717_025022,-7.8386,147.7754,73.0,7.0,SKS,True,Fair
20150123_034727,-17.064,168.5545,223.9,6.8,SKS,True,Fair
20150211_185720,-23.0653,-66.6621,203.6,6.7,SKS,True,Good
20150815_074707,-10.9382,163.8328,19.2,6.4,SKS,True,Fair
20150916_140322,-6.0114,151.4768,6.0,6.1,SKS,True,Good
20150919_125220,-32.3335,-72.0629,18.0,6.2,SKS,True,Fair
20150211_185720,-23.0653,-66.6621,203.6,6.7,SKS,True,Fair
20151107_070431,-29.4642,-72.3015,13.0,6.2,SKS,True,Good
20151217_194953,15.8009,-93.6294,85.0,6.6,SKS,True,Good
20160420_083510,0.7079,-80.0352,10.0,6.0,SKS,True,Fair
20160720_151316,-18.9285,169.0547,167.0,6.1,SKS,True,Fair
20190519_142712,-21.7384,169.5741,19.95,6.0,SKS,True,Good
20190530_090328,13.1462,-89.3663,25.0,6.6,SKS,True,Fair
20200603_073534,-23.2955,-68.4217,96.84,6.8,SKS,True,Good
20160729_211826,18.5439,145.541,207.62,7.7,SKS,True,Fair
20171024_104747,-7.2364,123.0401,549.19,6.7,SKS,True,Fair
20180821_213147,10.7791,-62.907,146.18,7.3,SKS,True,Fair
20190624_025339,-6.4078,129.1692,212.0,7.3,SKS,True,Fair
20200506_135356,-6.7949,129.8613,107.0,6.8,SKS,True,Good
20200821_040952,-6.6869,123.4829,627.76,6.9,SKS,True,Fair
20140316_211628,-19.9051,-70.6156,9.4,6.7,SKS,True,Fair
20140411_202913,11.7198,-86.014,142.3,6.6,SKS,True,Fair
20140824_232141,-14.52,-73.535,70.0,6.8,SKS,True,Fair
20140824_232143,-14.589,-73.45,74.4,6.8,SKS,True,Fair
20150211_185720,-23.0653,-66.6621,203.6,6.7,SKS,True,Fair
20130406_044236,-3.4714,138.4743,69.4,7.0,SKS,False,Good
20130416_225527,-3.2237,142.5671,16.3,6.6,SKS,True,Good
20140113_040104,18.9922,-66.8685,30.9,6.3,SKS,True,Fair
20140218_092714,14.596,-58.9719,28.3,6.5,SKS,True,Fair
20131117_090456,-60.3783,-46.5876,7.9,7.8,SKS,True,Fair
20141014_035137,12.5893,-88.072,63.9,7.3,SKS,True,Good
20150211_185720,-23.0653,-66.6621,203.6,6.7,SKS,False,Fair
20190222_101722,-2.199,-77.0231,132.36,7.5,SKS,True,Fair
20200717_025022,-7.8386,147.7754,73.0,7.0,SKS,True,Fair
20150211_185720,-23.0653,-66.6621,203.6,6.7,SKS,True,Fair
20150310_205544,6.7968,-73.0377,162.0,6.2,SKS,True,Fair
20150323_045137,-18.3544,-69.1883,127.1,6.4,SKS,True,Good
20141206_220510,-6.11,130.4829,116.0,6.0,SKS,True,Good
20141014_035137,12.5893,-88.072,63.9,7.3,SKS,True,Fair
20150211_185720,-23.0653,-66.6621,203.6,6.7,SKS,True,Fair
20170713_033608,-4.7722,153.1958,34.78,6.4,SKS,True,Fair
20180121_010642,-18.8524,-69.4564,116.0,6.3,SKS,True,Fair
20180308_173951,-4.3853,153.1874,22.53,6.8,SKS,True,Fair
20190201_161413,14.7628,-92.2981,67.93,6.6,SKS,True,Good
20200603_073534,-23.2955,-68.4217,96.84,6.8,SKS,False,Fair
20160729_211826,18.5439,145.541,207.62,7.7,SKS,False,Fair
20160823_193944,-7.2805,122.4255,532.4,6.0,SKS,False,Good
20180211_231415,13.8205,146.4377,10.0,6.0,SKS,False,Fair
20180828_070811,-10.8859,124.1187,14.0,6.2,SKS,True,Fair
20180828_223513,16.8044,146.8395,55.0,6.4,SKS,True,Good
20190122_051003,-10.4663,119.0309,27.01,6.4,SKS,True,Fair
20200506_135356,-6.7949,129.8613,107.0,6.8,SKS,True,Fair
20200821_040952,-6.6869,123.4829,627.76,6.9,SKS,False,Fair
20150211_185720,-23.0653,-66.6621,203.6,6.7,SKS,False,Fair
20160528_094659,-56.2409,-26.9353,78.0,7.2,SKS,True,Good
20161124_184348,11.9597,-88.8355,10.34,7.0,SKS,True,Good
20180819_001940,-18.1125,-178.1536,600.0,8.2,SKS,True,Good
20181211_022632,-58.5981,-26.4656,164.66,7.1,SKS,False,Fair
20190222_101722,-2.199,-77.0231,132.36,7.5,SKS,True,Fair
20190301_085042,-14.7016,-70.135,267.0,7.0,SKS,False,Fair
20200717_025022,-7.8386,147.7754,73.0,7.0,SKS,True,Fair
20130209_141606,1.0345,-77.462,144.2,7.0,SKS,True,Fair
20140316_211628,-19.9051,-70.6156,9.4,6.7,SKS,True,Fair
20140403_015829,-20.3644,-70.5007,10.6,6.6,SKS,True,Fair
20140629_075256,-55.4757,-28.3956,15.1,6.8,SKS,True,Good
20140707_112354,14.724,-92.4614,53.0,6.9,SKS,True,Good
20140729_104613,17.81,-95.501,99.0,6.4,SKS,True,Fair
20140824_232141,-14.52,-73.535,70.0,6.8,SKS,False,Fair
20140824_232143,-14.589,-73.45,74.4,6.8,SKS,False,Fair
20150211_185720,-23.0653,-66.6621,203.6,6.7,SKS,False,Fair
20150310_205544,6.7968,-73.0377,162.0,6.2,SKS,True,Fair
20150323_045137,-18.3544,-69.1883,127.1,6.4,SKS,False,Fair
20150916_140322,-6.0114,151.4768,6.0,6.1,SKS,True,Fair
20121210_165309,-6.4969,129.8684,161.5,7.1,SKS,True,Good
20130406_044236,-3.4714,138.4743,69.4,7.0,SKS,True,Fair
20140113_040104,18.9922,-66.8685,30.9,6.3,SKS,True,Good
20140218_092714,14.596,-58.9719,28.3,6.5,SKS,True,Fair
20140806_114528,-7.13,127.92,19.5,6.2,SKS,True,Fair
20130209_141606,1.0345,-77.462,144.2,7.0,SKS,True,Fair
20131117_090456,-60.3783,-46.5876,7.9,7.8,SKS,True,Fair
20141014_035137,12.5893,-88.072,63.9,7.3,SKS,True,Good
20150211_185720,-23.0653,-66.6621,203.6,6.7,SKS,False,Fair
20151217_194953,15.8009,-93.6294,85.0,6.6,SKS,True,Fair
20170614_072905,14.9823,-91.9882,94.0,6.9,SKS,True,Fair
20170622_123104,13.7527,-90.9488,46.82,6.8,SKS,True,Good
20170827_041751,-1.4513,148.0803,8.0,6.3,SKS,True,Fair
20171127_071111,-4.5778,153.2342,52.0,6.0,SKS,True,Fair
20180308_173951,-4.3853,153.1874,22.53,6.8,SKS,True,Fair
20180930_105224,-18.3465,-178.0788,564.13,6.7,SKS,True,Good
20190201_161413,14.7628,-92.2981,67.93,6.6,SKS,True,Good
20190530_090328,13.1462,-89.3663,25.0,6.6,SKS,True,Fair
20200603_073534,-23.2955,-68.4217,96.84,6.8,SKS,False,Fair
20151204_222500,-47.6165,85.0913,35.0,7.1,SKS,True,Fair
20160729_211826,18.5439,145.541,207.62,7.7,SKS,True,Fair
20180211_231415,13.8205,146.4377,10.0,6.0,SKS,False,Fair
20180325_201447,-6.6247,129.8138,169.0,6.4,SKS,True,Fair
20180821_213147,10.7791,-62.907,146.18,7.3,SKS,True,Fair
20190624_025339,-6.4078,129.1692,212.0,7.3,SKS,True,Fair
20200821_040952,-6.6869,123.4829,627.76,6.9,SKS,True,Fair
20160804_141513,-22.3087,-66.0261,270.0,6.2,SKS,False,Good
20161124_184348,11.9597,-88.8355,10.34,7.0,SKS,True,Fair
20120121_184713,14.933,-93.1422,63.5,6.2,SKS,True,Fair
20120417_071349,-5.5336,147.125,208.2,6.9,SKS,False,Fair
20120514_100039,-17.7968,-69.7926,108.7,6.3,SKS,False,Good
20120528_050723,-28.021,-63.1134,591.1,6.7,SKS,True,Fair
20120604_004516,5.2944,-82.6322,15.0,6.3,SKS,True,Fair
20120607_160318,-15.9117,-72.4723,106.7,6.2,SKS,True,Fair
20120706_022822,-14.6567,167.3043,164.8,6.4,SKS,False,Fair
20120725_112027,-9.669,159.8561,23.7,6.5,SKS,True,Good
20120728_200359,-4.654,153.1678,58.8,6.5,SKS,True,Fair
20120802_093831,-8.454,-74.2726,148.8,6.0,SKS,True,Fair
20121111_221459,14.0705,-92.3318,18.6,6.4,SKS,True,Fair
20121119_094435,-5.7528,151.6402,22.9,6.0,SKS,False,Fair
20121214_103601,31.1122,-119.6273,15.8,6.4,SKS,True,Fair
20121221_222808,-14.3591,167.2778,198.1,6.7,SKS,True,Fair
20130615_173429,11.7418,-87.0457,41.4,6.4,SKS,True,Fair
20130704_171557,-7.0042,155.7104,55.2,6.0,SKS,False,Fair
20130707_203007,-6.036,149.7262,65.9,6.6,SKS,True,Good
20130717_023743,-15.6661,-71.7458,13.0,6.0,SKS,False,Fair
20130726_213300,-58.0352,-24.28,17.0,6.3,SKS,True,Fair
20130801_200142,-15.2651,-173.4982,29.0,6.0,SKS,True,Fair
20130812_094931,-5.4117,-81.979,12.8,6.2,SKS,True,Fair
20130907_001329,14.6678,-92.0911,74.1,6.4,SKS,True,Fair
20131102_185347,-19.3532,-172.6354,19.3,6.2,SKS,True,Fair
20140207_084013,-15.0764,167.4164,124.6,6.5,SKS,True,Fair
20140302_093754,12.5888,-87.704,70.4,6.2,SKS,True,Fair
20140311_220312,-3.1902,148.6003,16.3,6.1,SKS,True,Fair
20140315_235132,-5.6717,-80.9351,26.5,6.3,SKS,True,Fair
20140316_211628,-19.9051,-70.6156,9.4,6.7,SKS,False,Good
20140317_051133,-20.06,-70.8284,5.3,6.4,SKS,True,Fair
20140322_125957,-19.8225,-70.9441,4.4,6.2,SKS,False,Good
20140323_182001,-19.7033,-70.7814,13.9,6.2,SKS,False,Good
20140327_034944,-12.1378,166.6228,109.7,6.0,SKS,True,Fair
20140403_015829,-20.3644,-70.5007,10.6,6.6,SKS,False,Fair
20140629_075256,-55.4757,-28.3956,15.1,6.8,SKS,True,Good
20140704_150027,-6.2304,152.8075,20.0,6.4,SKS,True,Good
20140707_112354,14.724,-92.4614,53.0,6.9,SKS,True,Fair
20140721_145441,-19.8015,-178.4001,615.4,6.9,SKS,True,Good
20140729_104613,17.81,-95.501,99.0,6.4,SKS,True,Fair
20140729_132740,-3.422,146.769,9.8,6.1,SKS,True,Good
20140729_132747,-3.34,146.72,12.0,6.0,SKS,True,Good
20140824_232141,-14.52,-73.535,70.0,6.8,SKS,False,Good
20140824_232143,-14.589,-73.45,74.4,6.8,SKS,False,Good
20140924_111613,-23.7849,-66.5888,204.5,6.2,SKS,True,Fair
20120930_163134,1.9079,-76.3716,155.2,7.2,SKS,True,Fair
20130715_140341,-61.0527,-25.2274,19.9,7.3,SKS,True,Fair
20130717_023743,-15.6661,-71.7458,13.0,6.0,SKS,False,Fair
20131117_090456,-60.3783,-46.5876,7.9,7.8,SKS,True,Good
20140412_201438,-11.2581,162.1387,15.3,7.6,SKS,True,Fair
20140413_123619,-11.4669,161.9601,34.2,7.4,SKS,False,Fair
20160614_134922,-18.7609,168.8279,111.0,6.2,SKS,True,Good
20160725_172650,-26.1049,-70.5074,72.0,6.1,SKS,False,Good
20160804_141513,-22.3087,-66.0261,270.0,6.2,SKS,False,Good
20160821_034523,-55.2775,-31.7546,10.0,6.4,SKS,True,Good
20160729_211826,18.5439,145.541,207.62,7.7,SKS,True,Good
20160823_193944,-7.2805,122.4255,532.4,6.0,SKS,True,Fair
20160917_012017,-2.0829,140.5718,9.0,6.0,SKS,True,Fair
20171024_104747,-7.2364,123.0401,549.19,6.7,SKS,True,Fair
20171208_002254,10.1164,140.2197,12.79,6.4,SKS,True,Fair
20171209_151424,10.0928,140.2016,10.0,6.1,SKS,True,Fair
20180211_231415,13.8205,146.4377,10.0,6.0,SKS,True,Fair
20180226_133453,-2.7629,126.7272,9.91,6.1,SKS,True,Fair
20130707_203007,-6.036,149.7262,65.9,6.6,SKS,True,Fair
20140316_211628,-19.9051,-70.6156,9.4,6.7,SKS,True,Fair
20140729_104613,17.81,-95.501,99.0,6.4,SKS,True,Fair
20140413_123619,-11.4669,161.9601,34.2,7.4,SKS,True,Fair
20140824_232141,-14.52,-73.535,70.0,6.8,SKS,True,Fair
20140824_232143,-14.589,-73.45,74.4,6.8,SKS,True,Fair
20200717_025022,-7.8386,147.7754,73.0,7.0,SKS,True,Fair
20200506_135356,-6.7949,129.8613,107.0,6.8,SKS,True,Fair
20121114_190205,-29.1789,-71.3863,61.5,6.2,SKS,True,Fair
20121119_094435,-5.7528,151.6402,22.9,6.0,SKS,True,Good
20130707_203007,-6.036,149.7262,65.9,6.6,SKS,True,Fair
20131016_103100,-6.4787,154.9648,58.0,6.8,SKS,True,Fair
20140316_211628,-19.9051,-70.6156,9.4,6.7,SKS,True,Fair
20130707_183531,-4.0134,153.9277,387.1,7.3,SKS,True,Good
20130715_140341,-61.0527,-25.2274,19.9,7.3,SKS,True,Good
20140412_201438,-11.2581,162.1387,15.3,7.6,SKS,True,Fair
20140413_123619,-11.4669,161.9601,34.2,7.4,SKS,True,Good
20160831_031136,-3.6914,152.7879,499.06,6.7,SKS,True,Good
20160804_141513,-22.3087,-66.0261,270.0,6.2,SKS,False,Good
20160819_073222,-55.2793,-31.874,10.0,7.4,SKS,True,Fair
20121214_103601,31.1122,-119.6273,15.8,6.4,SKS,False,Fair
20130325_230212,14.5905,-90.4772,193.7,6.2,SKS,True,Fair
20130615_173429,11.7418,-87.0457,41.4,6.4,SKS,True,Fair
20130704_171557,-7.0042,155.7104,55.2,6.0,SKS,True,Good
20130717_023743,-15.6661,-71.7458,13.0,6.0,SKS,True,Fair
20130812_094931,-5.4117,-81.979,12.8,6.2,SKS,True,Fair
20140315_085920,-14.1014,-76.352,10.0,6.1,SKS,True,Fair
20140315_235132,-5.6717,-80.9351,26.5,6.3,SKS,True,Fair
20140316_211628,-19.9051,-70.6156,9.4,6.7,SKS,False,Fair
20140402_161326,7.851,-82.3332,24.6,6.0,SKS,True,Good
20140403_015829,-20.3644,-70.5007,10.6,6.6,SKS,True,Fair
20140404_114033,-10.4868,161.5607,71.0,6.0,SKS,True,Fair
20140504_092515,-25.9072,178.2219,627.3,6.4,SKS,True,Fair
20140629_075256,-55.4757,-28.3956,15.1,6.8,SKS,True,Fair
20140707_112354,14.724,-92.4614,53.0,6.9,SKS,True,Good
20140729_104613,17.81,-95.501,99.0,6.4,SKS,True,Good
20140729_132740,-3.422,146.769,9.8,6.1,SKS,True,Fair
20140729_132747,-3.34,146.72,12.0,6.0,SKS,True,Fair
20140824_232141,-14.52,-73.535,70.0,6.8,SKS,False,Good
20140824_232143,-14.589,-73.45,74.4,6.8,SKS,False,Good
20140924_111613,-23.7849,-66.5888,204.5,6.2,SKS,False,Fair
20141008_024052,23.7886,-108.5064,7.1,6.1,SKS,True,Good
20150211_185720,-23.0653,-66.6621,203.6,6.7,SKS,False,Fair
20150216_220054,-55.5186,-28.2292,18.1,6.3,SKS,True,Fair
20150310_205544,6.7968,-73.0377,162.0,6.2,SKS,True,Fair
20150323_045137,-18.3544,-69.1883,127.1,6.4,SKS,False,Fair
20150430_104505,-5.3537,151.8023,54.7,6.6,SKS,True,Fair
20150610_135208,-22.4098,-68.4519,121.8,6.1,SKS,False,Fair
20150718_022732,-10.4574,165.1009,11.8,6.9,SKS,True,Good
20150815_074707,-10.9382,163.8328,19.2,6.4,SKS,True,Good
20150916_140322,-6.0114,151.4768,6.0,6.1,SKS,True,Fair
20150916_231609,-31.6,-71.9189,35.0,6.1,SKS,True,Fair
20150928_152805,-23.8,-66.6,219.0,6.0,SKS,False,Good
20130717_023743,-15.6661,-71.7458,13.0,6.0,SKS,True,Fair
20140412_201438,-11.2581,162.1387,15.3,7.6,SKS,True,Fair
20150211_185720,-23.0653,-66.6621,203.6,6.7,SKS,False,Good
20150505_014404,-5.5168,151.8641,29.6,7.5,SKS,True,Fair
20151217_194953,15.8009,-93.6294,85.0,6.6,SKS,True,Good
20160415_141126,13.4008,-92.367,22.41,6.1,SKS,True,Fair
20160725_172650,-26.1049,-70.5074,72.0,6.1,SKS,False,Good
20160725_193845,-2.969,148.0345,14.0,6.4,SKS,True,Good
20160804_141513,-22.3087,-66.0261,270.0,6.2,SKS,False,Good
20160821_034523,-55.2775,-31.7546,10.0,6.4,SKS,True,Fair
20151121_090613,-7.1484,129.9375,82.0,6.1,SKS,False,Fair
20160319_112633,17.996,-60.7019,26.0,6.0,SKS,True,Fair
20160729_211826,18.5439,145.541,207.62,7.7,SKS,True,Good
20160823_193944,-7.2805,122.4255,532.4,6.0,SKS,False,Fair
20140629_155228,-15.1011,-175.5143,26.0,6.4,SKS,True,Fair
20120205_001540,-18.9862,168.9728,158.8,6.1,SKS,False,Fair
20120314_211310,-5.5834,151.0915,46.6,6.2,SKS,True,Fair
20120321_221505,-6.2233,146.0083,117.7,6.6,SKS,True,Good
20120514_100039,-17.7968,-69.7926,108.7,6.3,SKS,False,Good
20120607_160318,-15.9117,-72.4723,106.7,6.2,SKS,False,Fair
20120725_112027,-9.669,159.8561,23.7,6.5,SKS,False,Fair
20120728_200359,-4.654,153.1678,58.8,6.5,SKS,True,Fair
20120802_093831,-8.454,-74.2726,148.8,6.0,SKS,True,Fair
20121009_123208,-60.6414,153.9333,12.1,6.6,SKS,True,Fair
20121110_145750,-8.9367,-75.0884,128.6,6.0,SKS,True,Good
20121119_094435,-5.7528,151.6402,22.9,6.0,SKS,True,Good
20130325_230212,14.5905,-90.4772,193.7,6.2,SKS,True,Good
20130423_231443,-3.8359,152.2033,24.4,6.5,SKS,True,Fair
20130615_173429,11.7418,-87.0457,41.4,6.4,SKS,True,Good
20130704_171557,-7.0042,155.7104,55.2,6.0,SKS,True,Fair
20130717_023743,-15.6661,-71.7458,13.0,6.0,SKS,False,Fair
20130812_094931,-5.4117,-81.979,12.8,6.2,SKS,True,Good
20130925_164243,-15.9001,-74.6012,38.2,7.0,SKS,True,Fair
20140315_235132,-5.6717,-80.9351,26.5,6.3,SKS,True,Fair
20140316_211628,-19.9051,-70.6156,9.4,6.7,SKS,False,Good
20140317_051133,-20.06,-70.8284,5.3,6.4,SKS,True,Fair
20140323_182001,-19.7033,-70.7814,13.9,6.2,SKS,False,Fair
20140420_001559,-7.0867,155.367,32.5,6.2,SKS,True,Good
20140707_112354,14.724,-92.4614,53.0,6.9,SKS,True,Good
20130707_183531,-4.0134,153.9277,387.1,7.3,SKS,True,Fair
20130717_023743,-15.6661,-71.7458,13.0,6.0,SKS,True,Fair
20130925_164243,-15.9001,-74.6012,38.2,7.0,SKS,True,Fair
20140412_201438,-11.2581,162.1387,15.3,7.6,SKS,True,Fair
20140413_123619,-11.4669,161.9601,34.2,7.4,SKS,True,Good
20121119_094435,-5.7528,151.6402,22.9,6.0,SKS,True,Good
20121129_111025,-3.592,145.7396,25.0,6.0,SKS,True,Good
20121214_103601,31.1122,-119.6273,15.8,6.4,SKS,True,Fair
20130130_230347,-10.6598,166.4759,36.0,6.1,SKS,True,Fair
20130209_141606,1.0345,-77.462,144.2,7.0,SKS,True,Fair
20130222_120158,-27.9052,-63.1349,585.6,6.1,SKS,True,Fair
20140311_220312,-3.1902,148.6003,16.3,6.1,SKS,True,Fair
20140315_235132,-5.6717,-80.9351,26.5,6.3,SKS,True,Fair
20140316_211628,-19.9051,-70.6156,9.4,6.7,SKS,True,Fair
20140629_075256,-55.4757,-28.3956,15.1,6.8,SKS,True,Good
20140707_112354,14.724,-92.4614,53.0,6.9,SKS,True,Fair
20140721_145441,-19.8015,-178.4001,615.4,6.9,SKS,True,Good
20140729_104613,17.81,-95.501,99.0,6.4,SKS,True,Fair
20140824_232141,-14.52,-73.535,70.0,6.8,SKS,True,Fair
20140824_232143,-14.589,-73.45,74.4,6.8,SKS,True,Fair
20130209_141606,1.0345,-77.462,144.2,7.0,SKS,True,Good
20141014_035137,12.5893,-88.072,63.9,7.3,SKS,True,Fair
20160528_094659,-56.2409,-26.9353,78.0,7.2,SKS,True,Fair
20160804_141513,-22.3087,-66.0261,270.0,6.2,SKS,True,Good
20161124_184348,11.9597,-88.8355,10.34,7.0,SKS,True,Good
20180819_001940,-18.1125,-178.1536,600.0,8.2,SKS,True,Fair
20180906_154914,-18.4952,179.3555,617.87,7.9,SKS,True,Fair
20181211_022632,-58.5981,-26.4656,164.66,7.1,SKS,True,Good
20190222_101722,-2.199,-77.0231,132.36,7.5,SKS,True,Good
20190301_085042,-14.7016,-70.135,267.0,7.0,SKS,True,Fair
20110207_195342,-7.0927,155.3183,414.8,6.5,SKS,True,Fair
20110306_123158,-18.2064,-69.5006,114.5,6.3,SKS,False,Good
20110306_143236,-56.3864,-27.0253,92.0,6.5,SKS,True,Good
20110306_143242,-56.41,-26.68,101.2,6.5,SKS,True,Good
20110407_131123,17.2651,-94.1439,165.1,6.7,SKS,True,Good
20110423_041655,-10.3584,161.2473,85.6,6.8,SKS,True,Good
20110430_081916,6.8511,-82.3594,10.0,6.2,SKS,True,Fair
20110616_000337,-5.8845,151.2013,26.9,6.3,SKS,True,Good
20110620_163600,-21.771,-68.3834,126.2,6.5,SKS,True,Good
20110715_132602,-60.9862,-23.6628,8.6,6.1,SKS,False,Poor
20110726_174421,25.09,-109.5366,17.0,6.0,SKS,False,Fair
20110731_233858,-3.5147,144.9654,19.6,6.6,SKS,True,Fair
20110824_174611,-7.6203,-74.538,149.3,7.0,SKS,True,Fair
20110902_134710,-28.4135,-63.136,592.7,6.7,SKS,False,Fair
20110903_044858,-56.5611,-26.9231,96.3,6.4,SKS,True,Fair
20111014_033515,-6.6259,147.9311,43.2,6.5,SKS,True,Good
20111018_050506,-5.7682,151.1049,29.8,6.0,SKS,True,Good
20111122_184816,-15.3083,-65.1634,560.3,6.6,SKS,True,Fair
20120121_184713,14.933,-93.1422,63.5,6.2,SKS,True,Fair
20120130_051059,-14.2139,-75.6584,34.2,6.4,SKS,True,Fair
20120214_081957,-10.371,161.1898,69.3,6.4,SKS,True,Fair
20120326_181253,10.0652,-104.1936,10.0,6.0,SKS,True,Fair
20120417_071349,-5.5336,147.125,208.2,6.9,SKS,True,Fair
20120514_100039,-17.7968,-69.7926,108.7,6.3,SKS,True,Fair
20120528_050723,-28.021,-63.1134,591.1,6.7,SKS,True,Fair
20120604_004516,5.2944,-82.6322,15.0,6.3,SKS,True,Good
20120607_040504,-36.0516,-70.8547,5.8,6.0,SKS,False,Fair
20120607_160318,-15.9117,-72.4723,106.7,6.2,SKS,True,Fair
20120706_022822,-14.6567,167.3043,164.8,6.4,SKS,True,Fair
20120725_112027,-9.669,159.8561,23.7,6.5,SKS,True,Fair
20120728_200359,-4.654,153.1678,58.8,6.5,SKS,True,Fair
20120802_093831,-8.454,-74.2726,148.8,6.0,SKS,True,Fair
20120819_224150,-4.8489,144.6464,80.2,6.2,SKS,True,Good
20120925_234524,24.7742,-110.1836,8.1,6.3,SKS,True,Good
20121129_111025,-3.592,145.7396,25.0,6.0,SKS,True,Good
20121214_103601,31.1122,-119.6273,15.8,6.4,SKS,True,Fair
20140311_220312,-3.1902,148.6003,16.3,6.1,SKS,True,Fair
20140315_235132,-5.6717,-80.9351,26.5,6.3,SKS,True,Good
20140316_211628,-19.9051,-70.6156,9.4,6.7,SKS,True,Good
20140317_051133,-20.06,-70.8284,5.3,6.4,SKS,True,Fair
20140402_161326,7.851,-82.3332,24.6,6.0,SKS,True,Fair
20140403_015829,-20.3644,-70.5007,10.6,6.6,SKS,True,Fair
20140404_013751,-20.6075,-70.5337,19.3,6.2,SKS,True,Fair
20140411_202913,11.7198,-86.014,142.3,6.6,SKS,True,Good
20140504_091552,-24.7338,179.0407,522.8,6.6,SKS,True,Good
20140504_092515,-25.9072,178.2219,627.3,6.4,SKS,True,Good
20140629_075256,-55.4757,-28.3956,15.1,6.8,SKS,True,Fair
20140707_112354,14.724,-92.4614,53.0,6.9,SKS,True,Good
20140729_104613,17.81,-95.501,99.0,6.4,SKS,True,Good
20140729_132740,-3.422,146.769,9.8,6.1,SKS,True,Good
20140729_132747,-3.34,146.72,12.0,6.0,SKS,True,Good
20140823_223223,-32.6953,-71.4416,32.0,6.4,SKS,False,Fair
20140824_232141,-14.52,-73.535,70.0,6.8,SKS,True,Fair
20140824_232143,-14.589,-73.45,74.4,6.8,SKS,True,Good
20140924_111613,-23.7849,-66.5888,204.5,6.2,SKS,False,Good
20141107_033355,-6.027,148.263,53.4,6.6,SKS,True,Good
20150123_034727,-17.064,168.5545,223.9,6.8,SKS,True,Good
20150211_185720,-23.0653,-66.6621,203.6,6.7,SKS,True,Good
20150310_205544,6.7968,-73.0377,162.0,6.2,SKS,True,Fair
20150323_045137,-18.3544,-69.1883,127.1,6.4,SKS,True,Fair
20150422_225716,-12.0844,166.4836,84.3,6.2,SKS,True,Fair
20150430_104505,-5.3537,151.8023,54.7,6.6,SKS,True,Good
20150520_003052,-19.3863,-175.4708,198.6,6.0,SKS,True,Good
20150520_224854,-10.9253,164.1741,18.5,6.8,SKS,True,Fair
20150610_135208,-22.4098,-68.4519,121.8,6.1,SKS,True,Fair
20150616_061700,-20.3973,-178.9194,656.1,6.0,SKS,True,Fair
20150815_074707,-10.9382,163.8328,19.2,6.4,SKS,True,Good
20150916_140322,-6.0114,151.4768,6.0,6.1,SKS,True,Good
20150928_152805,-23.8,-66.6,219.0,6.0,SKS,True,Fair
20101215_112930,-7.2664,128.7939,140.4,6.0,SKS,True,Fair
20110830_065741,-6.3592,126.7502,467.2,6.9,SKS,True,Good
20110909_194133,49.3886,-127.0648,15.4,6.5,SKS,False,Fair
20120908_105145,-3.2181,135.0978,32.3,6.1,SKS,True,Fair
20121012_003131,-4.8858,134.0822,34.6,6.6,SKS,True,Fair
20121210_165309,-6.4969,129.8684,161.5,7.1,SKS,True,Good
20140218_092714,14.596,-58.9719,28.3,6.5,SKS,True,Fair
20140515_081636,6.3995,144.9597,16.7,6.3,SKS,True,Good
20140803_002201,0.8323,146.1113,0.0,6.8,SKS,True,Good
20140806_114522,-7.2741,128.0364,10.0,6.2,SKS,True,Good
20140806_114528,-7.13,127.92,19.5,6.2,SKS,True,Good
20141206_220510,-6.11,130.4829,116.0,6.0,SKS,True,Good
20150924_155327,-0.6212,131.2622,18.0,6.6,SKS,True,Good
20150505_014404,-5.5168,151.8641,29.6,7.5,SKS,True,Fair
20151217_194953,15.8009,-93.6294,85.0,6.6,SKS,True,Fair
20160419_052539,-55.7283,-27.2307,14.0,6.2,SKS,True,Good
20160520_181404,-25.5655,129.8841,10.0,6.0,SKS,True,Good
20160725_172650,-26.1049,-70.5074,72.0,6.1,SKS,True,Fair
20160725_193845,-2.969,148.0345,14.0,6.4,SKS,True,Good
20160804_141513,-22.3087,-66.0261,270.0,6.2,SKS,False,Fair
20160821_034523,-55.2775,-31.7546,10.0,6.4,SKS,True,Good
20160831_031136,-3.6914,152.7879,499.06,6.7,SKS,True,Good
20170218_121017,-23.8613,-66.6592,222.0,6.3,SKS,True,Fair
20170221_140904,-19.2814,-63.9047,595.98,6.5,SKS,True,Fair
20170224_172844,-23.2601,-178.8033,414.89,6.9,SKS,True,Fair
20170415_081943,-23.2706,-67.7655,155.0,6.2,SKS,True,Fair
20170418_171147,-18.0851,-178.3718,628.0,6.0,SKS,True,Good
20170512_104126,12.9108,-90.0562,10.0,6.2,SKS,True,Good
20170515_132238,-4.0217,152.4893,10.0,6.2,SKS,True,Fair
20170614_072905,14.9823,-91.9882,94.0,6.9,SKS,True,Fair
20170713_033608,-4.7722,153.1958,34.78,6.4,SKS,True,Good
20170923_125302,16.7732,-94.9509,9.62,6.1,SKS,True,Good
20171010_063220,-18.5212,-69.6411,82.43,6.3,SKS,False,Poor
20180121_010642,-18.8524,-69.4564,116.0,6.3,SKS,True,Fair
20180126_224757,-3.5138,145.8477,10.0,6.3,SKS,True,Good
20180308_173951,-4.3853,153.1874,22.53,6.8,SKS,True,Good
20180324_112332,-5.4959,151.4971,33.0,6.3,SKS,True,Fair
20180509_075755,-5.8916,151.7962,10.0,6.0,SKS,True,Good
20180713_094649,-18.9332,169.0224,169.16,6.4,SKS,True,Good
20180907_021204,-2.3453,-78.8955,93.53,6.2,SKS,True,Good
20181101_221951,-19.5882,-69.2923,102.0,6.2,SKS,True,Fair
20181115_200222,-56.7065,-25.546,15.0,6.4,SKS,True,Fair
20190126_035138,-7.0194,156.3109,361.92,6.2,SKS,True,Fair
20190217_143555,-3.3412,152.1319,368.12,6.4,SKS,True,Good
20190512_192450,8.6227,-82.8326,19.0,6.0,SKS,True,Fair
20190530_090328,13.1462,-89.3663,25.0,6.6,SKS,True,Good
20190626_052350,8.449,-82.7677,26.22,6.2,SKS,True,Fair
20191104_215325,-31.8362,-71.3753,53.0,6.1,SKS,True,Good
20191120_042705,13.8855,-93.2133,14.16,6.3,SKS,True,Good
20200209_060429,-5.4925,152.1522,34.0,6.1,SKS,True,Fair
20200416_080437,16.9332,-85.7099,10.0,6.0,SKS,True,Fair
20200531_050938,-15.3164,-70.7643,186.0,6.1,SKS,True,Fair
20200603_073534,-23.2955,-68.4217,96.84,6.8,SKS,True,Fair
20200825_190258,-5.5603,151.8642,23.0,6.0,SKS,True,Fair
20201001_103448,-6.0867,148.6576,109.22,6.0,SKS,True,Fair
20201008_073532,-6.114,146.1686,103.49,6.3,SKS,True,Good
20201023_070430,-25.64,-179.9572,454.0,6.1,SKS,True,Fair
20201206_164742,-20.3662,-69.0663,105.0,6.1,SKS,True,Good
20201214_152049,-21.8063,-68.7079,114.0,6.0,SKS,True,Fair
20151121_090613,-7.1484,129.9375,82.0,6.1,SKS,True,Fair
20151204_222500,-47.6165,85.0913,35.0,7.1,SKS,True,Fair
20160212_100224,-9.6338,119.4013,28.0,6.3,SKS,True,Fair
20160729_211826,18.5439,145.541,207.62,7.7,SKS,True,Fair
20160823_193944,-7.2805,122.4255,532.4,6.0,SKS,True,Good
20160917_012017,-2.0829,140.5718,9.0,6.0,SKS,True,Fair
20161205_011304,-7.3158,123.3802,526.0,6.3,SKS,True,Fair
20161221_001714,-7.5082,127.9206,152.0,6.7,SKS,True,Good
20171024_104747,-7.2364,123.0401,549.19,6.7,SKS,True,Good
20171208_002254,10.1164,140.2197,12.79,6.4,SKS,True,Good
20171208_095110,10.009,140.1315,20.27,6.4,SKS,True,Fair
20180211_231415,13.8205,146.4377,10.0,6.0,SKS,True,Good
20180226_133453,-2.7629,126.7272,9.91,6.1,SKS,True,Good
20180325_201447,-6.6247,129.8138,169.0,6.4,SKS,True,Fair
20180728_170723,-7.1221,122.7474,577.48,6.0,SKS,True,Good
20180822_093147,43.6449,-127.6031,10.0,6.2,SKS,True,Fair
20180828_070811,-10.8859,124.1187,14.0,6.2,SKS,True,Good
20180828_223513,16.8044,146.8395,55.0,6.4,SKS,True,Fair
20181001_235942,-10.5574,120.2417,29.0,6.0,SKS,False,Fair
20190121_235922,-10.3113,119.1472,16.77,6.0,SKS,True,Fair
20190122_051003,-10.4663,119.0309,27.01,6.4,SKS,True,Fair
20190406_215501,-6.8492,125.014,539.0,6.3,SKS,True,Good
20190619_172448,-2.243,138.4599,10.0,6.3,SKS,True,Good
20190624_025339,-6.4078,129.1692,212.0,7.3,SKS,True,Good
20190829_150757,43.5436,-127.8761,4.74,6.3,SKS,True,Fair
20191123_121115,1.6436,132.8148,5.0,6.2,SKS,True,Fair
20200506_135356,-6.7949,129.8613,107.0,6.8,SKS,True,Fair
20200613_210830,18.9317,145.1116,622.0,6.2,SKS,True,Good
20200706_181618,12.0787,140.2462,10.0,6.2,SKS,True,Fair
20200821_040952,-6.6869,123.4829,627.76,6.9,SKS,True,Good
20200926_171022,-48.0314,31.7636,10.0,6.1,SKS,True,Good
20201223_181147,6.2544,133.6362,11.0,6.1,SKS,True,Fair
20160804_141513,-22.3087,-66.0261,270.0,6.2,SKS,False,Good
20161124_184348,11.9597,-88.8355,10.34,7.0,SKS,True,Good
20180110_025131,17.4743,-83.5193,10.0,7.5,SKS,True,Fair
20180906_154914,-18.4952,179.3555,617.87,7.9,SKS,True,Fair
20181211_022632,-58.5981,-26.4656,164.66,7.1,SKS,False,Good
20190301_085042,-14.7016,-70.135,267.0,7.0,SKS,False,Fair
20190506_211937,-6.973,146.4505,146.0,7.1,SKS,True,Good
20200717_025022,-7.8386,147.7754,73.0,7.0,SKS,True,Good
20110101_095658,-26.8513,-63.2373,584.3,7.0,SKS,True,Fair
20110207_195342,-7.0927,155.3183,414.8,6.5,SKS,True,Fair
20110306_123158,-18.2064,-69.5006,114.5,6.3,SKS,False,Fair
20110306_143236,-56.3864,-27.0253,92.0,6.5,SKS,True,Fair
20110306_143242,-56.41,-26.68,101.2,6.5,SKS,True,Fair
20110407_131123,17.2651,-94.1439,165.1,6.7,SKS,True,Fair
20110620_163600,-21.771,-68.3834,126.2,6.5,SKS,True,Fair
20110824_174611,-7.6203,-74.538,149.3,7.0,SKS,True,Fair
20110903_044858,-56.5611,-26.9231,96.3,6.4,SKS,True,Fair
20111122_184816,-15.3083,-65.1634,560.3,6.6,SKS,True,Fair
20120121_184713,14.933,-93.1422,63.5,6.2,SKS,True,Fair
20120321_221505,-6.2233,146.0083,117.7,6.6,SKS,True,Good
20120607_160318,-15.9117,-72.4723,106.7,6.2,SKS,True,Fair
20120728_200359,-4.654,153.1678,58.8,6.5,SKS,True,Good
20120802_093831,-8.454,-74.2726,148.8,6.0,SKS,False,Good
20120905_130910,-12.5373,166.5032,27.0,6.0,SKS,True,Good
20130704_171557,-7.0042,155.7104,55.2,6.0,SKS,True,Good
20130717_023743,-15.6661,-71.7458,13.0,6.0,SKS,True,Fair
20130812_094931,-5.4117,-81.979,12.8,6.2,SKS,True,Fair
20130821_123829,16.8572,-99.5188,18.9,6.2,SKS,True,Fair
20131113_234548,-60.3091,-47.2872,10.0,6.0,SKS,True,Fair
20140101_160329,-13.8767,167.2723,194.8,6.5,SKS,True,Fair
20140315_235132,-5.6717,-80.9351,26.5,6.3,SKS,True,Fair
20140403_015829,-20.3644,-70.5007,10.6,6.6,SKS,True,Fair
20150123_034727,-17.064,168.5545,223.9,6.8,SKS,True,Fair
20150211_185720,-23.0653,-66.6621,203.6,6.7,SKS,False,Fair
20150216_220054,-55.5186,-28.2292,18.1,6.3,SKS,True,Fair
20150310_205544,6.7968,-73.0377,162.0,6.2,SKS,True,Fair
20150323_045137,-18.3544,-69.1883,127.1,6.4,SKS,True,Fair
20150610_135208,-22.4098,-68.4519,121.8,6.1,SKS,False,Good
20150916_140322,-6.0114,151.4768,6.0,6.1,SKS,True,Fair
20150928_152805,-23.8,-66.6,219.0,6.0,SKS,True,Fair
20101215_112930,-7.2664,128.7939,140.4,6.0,SKS,True,Fair
20110830_065741,-6.3592,126.7502,467.2,6.9,SKS,True,Fair
20120908_105145,-3.2181,135.0978,32.3,6.1,SKS,True,Good
20121012_003131,-4.8858,134.0822,34.6,6.6,SKS,True,Good
20130406_044236,-3.4714,138.4743,69.4,7.0,SKS,True,Good
20130416_225527,-3.2237,142.5671,16.3,6.6,SKS,True,Good
20130514_003226,18.7672,145.2903,611.7,6.8,SKS,False,Fair
20131201_012415,-7.0288,128.4151,25.9,6.5,SKS,True,Good
20140113_040104,18.9922,-66.8685,30.9,6.3,SKS,True,Fair
20140218_092714,14.596,-58.9719,28.3,6.5,SKS,False,Good
20141206_220510,-6.11,130.4829,116.0,6.0,SKS,False,Fair
20101225_131638,-19.8371,167.9375,15.7,7.3,SKS,True,Good
20110101_095658,-26.8513,-63.2373,584.3,7.0,SKS,True,Fair
20110824_174611,-7.6203,-74.538,149.3,7.0,SKS,False,Fair
20111214_050457,-7.5278,146.814,128.5,7.1,SKS,True,Fair
20130717_023743,-15.6661,-71.7458,13.0,6.0,SKS,True,Fair
20131117_090456,-60.3783,-46.5876,7.9,7.8,SKS,True,Good
20150211_185720,-23.0653,-66.6621,203.6,6.7,SKS,True,Fair
20151217_194953,15.8009,-93.6294,85.0,6.6,SKS,True,Good
20160419_052539,-55.7283,-27.2307,14.0,6.2,SKS,True,Fair
20160520_181404,-25.5655,129.8841,10.0,6.0,SKS,True,Fair
20160804_141513,-22.3087,-66.0261,270.0,6.2,SKS,False,Fair
20160821_034523,-55.2775,-31.7546,10.0,6.4,SKS,True,Fair
20160831_031136,-3.6914,152.7879,499.06,6.7,SKS,True,Good
20161017_061458,-6.0526,148.8617,35.0,6.9,SKS,True,Fair
20170218_121017,-23.8613,-66.6592,222.0,6.3,SKS,True,Fair
20170221_140904,-19.2814,-63.9047,595.98,6.5,SKS,True,Fair
20170415_081943,-23.2706,-67.7655,155.0,6.2,SKS,False,Fair
20170418_171147,-18.0851,-178.3718,628.0,6.0,SKS,True,Good
20170512_104126,12.9108,-90.0562,10.0,6.2,SKS,True,Fair
20171010_063220,-18.5212,-69.6411,82.43,6.3,SKS,True,Fair
20180121_010642,-18.8524,-69.4564,116.0,6.3,SKS,False,Fair
20180324_112332,-5.4959,151.4971,33.0,6.3,SKS,True,Good
20180509_075755,-5.8916,151.7962,10.0,6.0,SKS,True,Good
20180907_021204,-2.3453,-78.8955,93.53,6.2,SKS,False,Fair
20181101_221951,-19.5882,-69.2923,102.0,6.2,SKS,True,Fair
20190126_035138,-7.0194,156.3109,361.92,6.2,SKS,True,Fair
20190201_161413,14.7628,-92.2981,67.93,6.6,SKS,True,Good
20190503_072529,-6.928,160.1389,10.0,6.2,SKS,False,Fair
20190530_090328,13.1462,-89.3663,25.0,6.6,SKS,True,Good
20200120_065137,-59.2287,-26.2889,93.0,6.1,SKS,True,Good
20200531_050938,-15.3164,-70.7643,186.0,6.1,SKS,False,Good
20200603_073534,-23.2955,-68.4217,96.84,6.8,SKS,False,Fair
20201001_103448,-6.0867,148.6576,109.22,6.0,SKS,True,Fair
20201006_101146,-18.0101,-178.4762,633.92,6.0,SKS,True,Fair
20201130_225503,-24.3318,-67.0203,189.0,6.3,SKS,True,Good
20201206_164742,-20.3662,-69.0663,105.0,6.1,SKS,True,Fair
20201214_152049,-21.8063,-68.7079,114.0,6.0,SKS,True,Fair
20151121_090613,-7.1484,129.9375,82.0,6.1,SKS,True,Fair
20151124_132135,18.7787,145.2659,586.88,6.0,SKS,True,Fair
20160319_112633,17.996,-60.7019,26.0,6.0,SKS,True,Fair
20160729_211826,18.5439,145.541,207.62,7.7,SKS,True,Fair
20160823_193944,-7.2805,122.4255,532.4,6.0,SKS,True,Fair
20160917_012017,-2.0829,140.5718,9.0,6.0,SKS,True,Good
20161205_011304,-7.3158,123.3802,526.0,6.3,SKS,True,Fair
20171024_104747,-7.2364,123.0401,549.19,6.7,SKS,True,Fair
20180211_231415,13.8205,146.4377,10.0,6.0,SKS,True,Fair
20180226_133453,-2.7629,126.7272,9.91,6.1,SKS,True,Fair
20180728_170723,-7.1221,122.7474,577.48,6.0,SKS,True,Fair
20180822_093147,43.6449,-127.6031,10.0,6.2,SKS,True,Fair
20180828_070811,-10.8859,124.1187,14.0,6.2,SKS,True,Good
20180828_223513,16.8044,146.8395,55.0,6.4,SKS,False,Fair
20190619_172448,-2.243,138.4599,10.0,6.3,SKS,True,Good
20190624_025339,-6.4078,129.1692,212.0,7.3,SKS,True,Fair
20200506_135356,-6.7949,129.8613,107.0,6.8,SKS,True,Fair
20200613_210830,18.9317,145.1116,622.0,6.2,SKS,False,Fair
20200821_040952,-6.6869,123.4829,627.76,6.9,SKS,True,Good
20120514_100039,-17.7968,-69.7926,108.7,6.3,SKS,False,Fair
20120607_160318,-15.9117,-72.4723,106.7,6.2,SKS,False,Fair
20120706_022822,-14.6567,167.3043,164.8,6.4,SKS,True,Fair
20120725_112027,-9.669,159.8561,23.7,6.5,SKS,True,Fair
20120728_200359,-4.654,153.1678,58.8,6.5,SKS,True,Fair
20120925_234524,24.7742,-110.1836,8.1,6.3,SKS,True,Fair
20121119_094435,-5.7528,151.6402,22.9,6.0,SKS,True,Fair
20130208_111213,-10.8703,166.0088,12.7,6.8,SKS,True,Good
20130319_032902,-58.9815,-24.5697,52.0,6.0,SKS,True,Fair
20130325_230212,14.5905,-90.4772,193.7,6.2,SKS,True,Fair
20130717_023743,-15.6661,-71.7458,13.0,6.0,SKS,False,Fair
20130812_094931,-5.4117,-81.979,12.8,6.2,SKS,True,Good
20140311_220312,-3.1902,148.6003,16.3,6.1,SKS,False,Fair
20140316_211628,-19.9051,-70.6156,9.4,6.7,SKS,True,Fair
20140317_051133,-20.06,-70.8284,5.3,6.4,SKS,True,Fair
20140411_202913,11.7198,-86.014,142.3,6.6,SKS,True,Fair
20140629_075256,-55.4757,-28.3956,15.1,6.8,SKS,True,Good
20140729_104613,17.81,-95.501,99.0,6.4,SKS,True,Fair
20140729_132740,-3.422,146.769,9.8,6.1,SKS,True,Good
20140729_132747,-3.34,146.72,12.0,6.0,SKS,True,Good
20141008_024052,23.7886,-108.5064,7.1,6.1,SKS,True,Fair
20150916_140322,-6.0114,151.4768,6.0,6.1,SKS,True,Fair
20150928_152805,-23.8,-66.6,219.0,6.0,SKS,False,Fair
20151118_183104,-8.8994,158.4217,12.59,6.8,SKS,True,Fair
20151217_194953,15.8009,-93.6294,85.0,6.6,SKS,True,Good
20170630_222945,-0.2882,-80.4935,13.0,6.0,SKS,True,Good
20170713_033608,-4.7722,153.1958,34.78,6.4,SKS,True,Fair
20170827_041751,-1.4513,148.0803,8.0,6.3,SKS,False,Fair
20171010_063220,-18.5212,-69.6411,82.43,6.3,SKS,True,Good
20180121_010642,-18.8524,-69.4564,116.0,6.3,SKS,True,Fair
20180126_224757,-3.5138,145.8477,10.0,6.3,SKS,True,Fair
20180308_173951,-4.3853,153.1874,22.53,6.8,SKS,True,Fair
20180324_112332,-5.4959,151.4971,33.0,6.3,SKS,True,Fair
20180407_054839,-5.8411,142.5282,17.59,6.3,SKS,True,Fair
20190126_035138,-7.0194,156.3109,361.92,6.2,SKS,True,Fair
20190201_161413,14.7628,-92.2981,67.93,6.6,SKS,True,Good
20190217_143555,-3.3412,152.1319,368.12,6.4,SKS,True,Fair
20190409_175359,-58.6064,-25.2559,44.83,6.5,SKS,True,Good
20190512_192450,8.6227,-82.8326,19.0,6.0,SKS,True,Fair
20140412_201438,-11.2581,162.1387,15.3,7.6,SKS,False,Fair
20151020_215202,-14.8595,167.3028,135.0,7.1,SKS,True,Fair
20180906_154914,-18.4952,179.3555,617.87,7.9,SKS,False,Poor
20181211_022632,-58.5981,-26.4656,164.66,7.1,SKS,True,Fair
20190222_101722,-2.199,-77.0231,132.36,7.5,SKS,True,Fair
20190301_085042,-14.7016,-70.135,267.0,7.0,SKS,True,Fair
20120908_105145,-3.2181,135.0978,32.3,6.1,SKS,False,Good
20130406_044236,-3.4714,138.4743,69.4,7.0,SKS,True,Fair
20130514_003226,18.7672,145.2903,611.7,6.8,SKS,True,Fair
20130722_070141,-46.0946,34.8615,3.2,6.3,SKS,False,Good
20130812_005344,-7.1167,129.7914,104.8,6.1,SKS,True,Good
20130901_115232,-7.5393,128.2569,135.2,6.5,SKS,False,Good
20131119_170045,18.4629,145.165,531.1,6.0,SKS,True,Fair
20131201_012415,-7.0288,128.4151,25.9,6.5,SKS,False,Fair
20140218_092714,14.596,-58.9719,28.3,6.5,SKS,True,Good
20140514_205616,6.3681,144.9367,27.2,6.2,SKS,True,Fair
20140515_081636,6.3995,144.9597,16.7,6.3,SKS,True,Good
20151023_040418,-45.8146,37.1711,10.0,6.0,SKS,False,Good
20151121_090613,-7.1484,129.9375,82.0,6.1,SKS,True,Good
20160729_211826,18.5439,145.541,207.62,7.7,SKS,True,Fair
20171024_104747,-7.2364,123.0401,549.19,6.7,SKS,False,Poor
20180211_231415,13.8205,146.4377,10.0,6.0,SKS,True,Fair
20180226_133453,-2.7629,126.7272,9.91,6.1,SKS,True,Fair
20180324_195833,-45.7783,96.0692,10.0,6.0,SKS,True,Fair
20180325_201447,-6.6247,129.8138,169.0,6.4,SKS,True,Fair
20180828_070811,-10.8859,124.1187,14.0,6.2,SKS,True,Fair
20180828_223513,16.8044,146.8395,55.0,6.4,SKS,True,Fair
20181216_094237,-3.9226,140.2323,61.97,6.1,SKS,True,Fair
20190121_235922,-10.3113,119.1472,16.77,6.0,SKS,True,Fair
20190122_051003,-10.4663,119.0309,27.01,6.4,SKS,True,Fair
20190406_215501,-6.8492,125.014,539.0,6.3,SKS,True,Fair
20111122_184816,-15.3083,-65.1634,560.3,6.6,SKS,True,Good
20120121_184713,14.933,-93.1422,63.5,6.2,SKS,True,Fair
20120514_100039,-17.7968,-69.7926,108.7,6.3,SKS,False,Fair
20120728_200359,-4.654,153.1678,58.8,6.5,SKS,False,Fair
20140315_235132,-5.6717,-80.9351,26.5,6.3,SKS,False,Fair
20140316_211628,-19.9051,-70.6156,9.4,6.7,SKS,True,Fair
20140411_202913,11.7198,-86.014,142.3,6.6,SKS,True,Fair
20140629_075256,-55.4757,-28.3956,15.1,6.8,SKS,False,Fair
20140707_112354,14.724,-92.4614,53.0,6.9,SKS,True,Good
20140924_111613,-23.7849,-66.5888,204.5,6.2,SKS,False,Fair
20150216_220054,-55.5186,-28.2292,18.1,6.3,SKS,False,Fair
20150310_205544,6.7968,-73.0377,162.0,6.2,SKS,True,Fair
20150323_045137,-18.3544,-69.1883,127.1,6.4,SKS,True,Good
20150928_152805,-23.8,-66.6,219.0,6.0,SKS,True,Fair
20160725_172650,-26.1049,-70.5074,72.0,6.1,SKS,True,Fair
20170218_121017,-23.8613,-66.6592,222.0,6.3,SKS,True,Fair
20170512_104126,12.9108,-90.0562,10.0,6.2,SKS,True,Fair
20180228_024545,-6.1673,142.4795,16.0,6.1,SKS,True,Fair
20180907_021204,-2.3453,-78.8955,93.53,6.2,SKS,False,Fair
20181101_221951,-19.5882,-69.2923,102.0,6.2,SKS,True,Fair
20181115_200222,-56.7065,-25.546,15.0,6.4,SKS,False,Good
20190201_161413,14.7628,-92.2981,67.93,6.6,SKS,True,Good
20200726_005359,-60.7812,-25.4055,10.0,6.4,SKS,True,Good
20201206_164742,-20.3662,-69.0663,105.0,6.1,SKS,True,Good
20201214_152049,-21.8063,-68.7079,114.0,6.0,SKS,True,Good
20111214_050457,-7.5278,146.814,128.5,7.1,SKS,True,Good
20180110_025131,17.4743,-83.5193,10.0,7.5,SKS,True,Fair
20181211_022632,-58.5981,-26.4656,164.66,7.1,SKS,True,Good
20190222_101722,-2.199,-77.0231,132.36,7.5,SKS,True,Good
20120908_105145,-3.2181,135.0978,32.3,6.1,SKS,True,Good
20130406_044236,-3.4714,138.4743,69.4,7.0,SKS,True,Good
20130514_003226,18.7672,145.2903,611.7,6.8,SKS,True,Fair
20131012_021028,10.8358,-62.3025,82.1,6.0,SKS,True,Fair
20140113_040104,18.9922,-66.8685,30.9,6.3,SKS,True,Good
20140218_092714,14.596,-58.9719,28.3,6.5,SKS,True,Good
20160212_100224,-9.6338,119.4013,28.0,6.3,SKS,False,Fair
20161221_001714,-7.5082,127.9206,152.0,6.7,SKS,True,Fair
20171024_104747,-7.2364,123.0401,549.19,6.7,SKS,True,Good
20180325_201447,-6.6247,129.8138,169.0,6.4,SKS,True,Good
20180821_213147,10.7791,-62.907,146.18,7.3,SKS,False,Poor
20180828_070811,-10.8859,124.1187,14.0,6.2,SKS,True,Good
20180828_223513,16.8044,146.8395,55.0,6.4,SKS,True,Fair
20190406_215501,-6.8492,125.014,539.0,6.3,SKS,True,Good
20191225_033601,50.6081,-129.9656,6.38,6.3,SKS,True,Good
20200926_171022,-48.0314,31.7636,10.0,6.1,SKS,True,Good
20160528_094659,-56.2409,-26.9353,78.0,7.2,SKS,True,Good
20101021_175313,24.7878,-109.1744,13.9,6.7,SKS,True,Fair
20101208_052435,-56.4318,-25.64,29.0,6.3,SKS,True,Fair
20110225_130726,17.8214,-95.1708,130.6,6.0,SKS,True,Fair
20110306_123158,-18.2064,-69.5006,114.5,6.3,SKS,False,Fair
20110306_143242,-56.41,-26.68,101.2,6.5,SKS,True,Fair
20110824_174611,-7.6203,-74.538,149.3,7.0,SKS,True,Fair
20120121_184713,14.933,-93.1422,63.5,6.2,SKS,True,Fair
20120130_051059,-14.2139,-75.6584,34.2,6.4,SKS,True,Fair
20120305_074609,-28.2579,-63.2916,551.9,6.1,SKS,False,Fair
20120417_035015,-32.6374,-71.5641,29.7,6.7,SKS,True,Fair
20120417_071349,-5.5336,147.125,208.2,6.9,SKS,True,Fair
20130207_185916,-11.0207,165.7077,13.7,6.7,SKS,True,Fair
20130222_120158,-27.9052,-63.1349,585.6,6.1,SKS,False,Fair
20140316_211628,-19.9051,-70.6156,9.4,6.7,SKS,True,Fair
20150211_185720,-23.0653,-66.6621,203.6,6.7,SKS,True,Fair
20120411_224146,43.5513,-127.629,16.4,6.0,SKS,True,Fair
20130901_115232,-7.5393,128.2569,135.2,6.5,SKS,True,Good
20131012_021028,10.8358,-62.3025,82.1,6.0,SKS,True,Fair
20140113_040104,18.9922,-66.8685,30.9,6.3,SKS,True,Good
20140218_092714,14.596,-58.9719,28.3,6.5,SKS,True,Good
20140413_123619,-11.4669,161.9601,34.2,7.4,SKS,True,Fair
20150211_185720,-23.0653,-66.6621,203.6,6.7,SKS,False,Poor
20151217_194953,15.8009,-93.6294,85.0,6.6,SKS,True,Good
20101208_052435,-56.4318,-25.64,29.0,6.3,SKS,True,Fair
20101213_011442,-6.5265,155.6959,144.8,6.2,SKS,True,Fair
20101229_065422,-19.7784,168.1477,34.9,6.3,SKS,True,Fair
20110109_100343,-19.2745,168.3791,20.7,6.5,SKS,False,Good
20110620_163600,-21.771,-68.3834,126.2,6.5,SKS,True,Fair
20110715_132602,-60.9862,-23.6628,8.6,6.1,SKS,True,Fair
20110726_174421,25.09,-109.5366,17.0,6.0,SKS,True,Fair
20110902_134710,-28.4135,-63.136,592.7,6.7,SKS,False,Good
20110903_044858,-56.5611,-26.9231,96.3,6.4,SKS,True,Fair
20111014_033515,-6.6259,147.9311,43.2,6.5,SKS,True,Good
20111018_050506,-5.7682,151.1049,29.8,6.0,SKS,True,Fair
20111028_185434,-14.5572,-76.1207,29.0,7.0,SKS,True,Fair
20111122_184816,-15.3083,-65.1634,560.3,6.6,SKS,False,Good
20111211_095456,-56.049,-28.2135,130.6,6.3,SKS,True,Fair
20120109_040715,-10.5892,165.3084,33.3,6.4,SKS,False,Fair
20120121_184713,14.933,-93.1422,63.5,6.2,SKS,True,Good
20120122_055343,-56.9317,-25.2293,18.7,6.0,SKS,True,Fair
20120214_081957,-10.371,161.1898,69.3,6.4,SKS,True,Fair
20120514_100039,-17.7968,-69.7926,108.7,6.3,SKS,False,Fair
20120528_050723,-28.021,-63.1134,591.1,6.7,SKS,False,Fair
20121111_221459,14.0705,-92.3318,18.6,6.4,SKS,True,Fair
20121114_190205,-29.1789,-71.3863,61.5,6.2,SKS,True,Fair
20121119_094435,-5.7528,151.6402,22.9,6.0,SKS,True,Good
20121214_103601,31.1122,-119.6273,15.8,6.4,SKS,True,Fair
20101215_112930,-7.2664,128.7939,140.4,6.0,SKS,True,Good
20110830_065741,-6.3592,126.7502,467.2,6.9,SKS,True,Fair
20111114_040512,-0.953,126.8799,24.4,6.4,SKS,True,Fair
20121210_165309,-6.4969,129.8684,161.5,7.1,SKS,True,Fair
20111214_050457,-7.5278,146.814,128.5,7.1,SKS,True,Fair
20121107_163549,14.0318,-92.0669,38.7,7.4,SKS,True,Fair
20140101_160329,-13.8767,167.2723,194.8,6.5,SKS,True,Fair
20140311_220312,-3.1902,148.6003,16.3,6.1,SKS,True,Fair
20140403_015829,-20.3644,-70.5007,10.6,6.6,SKS,True,Good
20150216_220054,-55.5186,-28.2292,18.1,6.3,SKS,True,Fair
20140113_040104,18.9922,-66.8685,30.9,6.3,SKS,True,Fair
20131016_103100,-6.4787,154.9648,58.0,6.8,SKS,True,Fair
20130406_044236,-3.4714,138.4743,69.4,7.0,SKS,False,Poor
20130514_003226,18.7672,145.2903,611.7,6.8,SKS,True,Fair
20140415_035701,-53.609,8.7098,10.0,6.8,SKS,True,Good
20150227_134505,-7.358,122.4906,559.1,7.0,SKS,True,Fair
20140412_201438,-11.2581,162.1387,15.3,7.6,SKS,False,Fair
20140413_123619,-11.4669,161.9601,34.2,7.4,SKS,True,Fair
20140316_211628,-19.9051,-70.6156,9.4,6.7,SKS,True,Fair
20140501_063636,-21.4381,170.3099,116.4,6.6,SKS,True,Fair
20140629_075256,-55.4757,-28.3956,15.1,6.8,SKS,True,Good
20140707_112354,14.724,-92.4614,53.0,6.9,SKS,True,Fair
20140824_232141,-14.52,-73.535,70.0,6.8,SKS,True,Fair
20140824_232143,-14.589,-73.45,74.4,6.8,SKS,True,Fair
20131201_012415,-7.0288,128.4151,25.9,6.5,SKS,True,Fair
20140113_040104,18.9922,-66.8685,30.9,6.3,SKS,True,Good
20131117_090456,-60.3783,-46.5876,7.9,7.8,SKS,True,Fair
20150211_185720,-23.0653,-66.6621,203.6,6.7,SKS,True,Good
20150211_185720,-23.0653,-66.6621,203.6,6.7,SKS,True,Fair
20150227_134505,-7.358,122.4906,559.1,7.0,SKS,True,Fair
20150924_155327,-0.6212,131.2622,18.0,6.6,SKS,True,Fair
20150211_185720,-23.0653,-66.6621,203.6,6.7,SKS,True,Fair
20151107_070431,-29.4642,-72.3015,13.0,6.2,SKS,True,Fair
20140302_093754,12.5888,-87.704,70.4,6.2,SKS,True,Fair
20131201_012415,-7.0288,128.4151,25.9,6.5,SKS,True,Fair
20140412_201438,-11.2581,162.1387,15.3,7.6,SKS,True,Fair
20150211_185720,-23.0653,-66.6621,203.6,6.7,SKS,True,Fair
20130310_225151,-6.6966,148.2433,28.9,6.5,SKS,True,Fair
20130907_001329,14.6678,-92.0911,74.1,6.4,SKS,True,Fair
20130930_055554,-30.8752,-178.2538,37.8,6.4,SKS,True,Fair
20140302_093754,12.5888,-87.704,70.4,6.2,SKS,True,Fair
20140315_235132,-5.6717,-80.9351,26.5,6.3,SKS,True,Fair
20140704_150027,-6.2304,152.8075,20.0,6.4,SKS,True,Fair
20140707_112354,14.724,-92.4614,53.0,6.9,SKS,True,Fair
20140824_232141,-14.52,-73.535,70.0,6.8,SKS,False,Good
20140824_232143,-14.589,-73.45,74.4,6.8,SKS,False,Good
20150211_185720,-23.0653,-66.6621,203.6,6.7,SKS,True,Fair
20130406_044236,-3.4714,138.4743,69.4,7.0,SKS,True,Fair
20130901_115232,-7.5393,128.2569,135.2,6.5,SKS,True,Fair
20140113_040104,18.9922,-66.8685,30.9,6.3,SKS,True,Good
20140218_092714,14.596,-58.9719,28.3,6.5,SKS,True,Good
20140803_002201,0.8323,146.1113,0.0,6.8,SKS,True,Fair
20141206_220510,-6.11,130.4829,116.0,6.0,SKS,False,Fair
20150211_185720,-23.0653,-66.6621,203.6,6.7,SKS,True,Fair
20160208_161913,-6.6214,154.7073,31.62,6.4,SKS,True,Good
20160520_181404,-25.5655,129.8841,10.0,6.0,SKS,True,Good
20151121_090613,-7.1484,129.9375,82.0,6.1,SKS,True,Fair
20140305_095658,-14.835,169.8319,648.0,6.4,SKS,True,Good
20140619_101758,-13.6006,166.8302,59.6,6.2,SKS,True,Fair
20140707_112354,14.724,-92.4614,53.0,6.9,SKS,True,Fair
20140729_132740,-3.422,146.769,9.8,6.1,SKS,True,Fair
20140729_132747,-3.34,146.72,12.0,6.0,SKS,True,Fair
20140824_232141,-14.52,-73.535,70.0,6.8,SKS,True,Fair
20140824_232143,-14.589,-73.45,74.4,6.8,SKS,True,Fair
20150211_185720,-23.0653,-66.6621,203.6,6.7,SKS,False,Good
20150422_225716,-12.0844,166.4836,84.3,6.2,SKS,True,Fair
20150507_071023,-7.3019,154.5554,30.4,7.0,SKS,True,Fair
20150916_140322,-6.0114,151.4768,6.0,6.1,SKS,True,Good
20140824_102045,38.201,-122.086,13.0,6.1,SKS,True,Fair
20150227_134505,-7.358,122.4906,559.1,7.0,SKS,False,Fair
20150211_185720,-23.0653,-66.6621,203.6,6.7,SKS,False,Fair
20151217_194953,15.8009,-93.6294,85.0,6.6,SKS,True,Fair
20160212_100224,-9.6338,119.4013,28.0,6.3,SKS,False,Fair
20140402_161326,7.851,-82.3332,24.6,6.0,SKS,True,Good
20140113_040104,18.9922,-66.8685,30.9,6.3,SKS,True,Good
20140218_092714,14.596,-58.9719,28.3,6.5,SKS,True,Good
20140424_031011,49.6483,-127.6525,9.8,6.6,SKS,True,Fair
20140412_201438,-11.2581,162.1387,15.3,7.6,SKS,True,Fair
20101213_011442,-6.5265,155.6959,144.8,6.2,SKS,True,Fair
20110101_095658,-26.8513,-63.2373,584.3,7.0,SKS,True,Fair
20110109_100343,-19.2745,168.3791,20.7,6.5,SKS,True,Fair
20110101_095658,-26.8513,-63.2373,584.3,7.0,SKS,True,Fair
20110306_143242,-56.41,-26.68,101.2,6.5,SKS,True,Fair
20110407_131123,17.2651,-94.1439,165.1,6.7,SKS,True,Fair
20150916_231841,-31.5622,-71.4262,28.41,7.0,SKS,True,Fair
20160528_094659,-56.2409,-26.9353,78.0,7.2,SKS,True,Fair
20140316_211628,-19.9051,-70.6156,9.4,6.7,SKS,True,Good
20140629_075256,-55.4757,-28.3956,15.1,6.8,SKS,True,Fair
20140707_112354,14.724,-92.4614,53.0,6.9,SKS,True,Good
20140729_104613,17.81,-95.501,99.0,6.4,SKS,True,Fair
20140824_232141,-14.52,-73.535,70.0,6.8,SKS,True,Good
20140824_232143,-14.589,-73.45,74.4,6.8,SKS,True,Fair
20150430_104505,-5.3537,151.8023,54.7,6.6,SKS,True,Good
20130406_044236,-3.4714,138.4743,69.4,7.0,SKS,True,Fair
20130514_003226,18.7672,145.2903,611.7,6.8,SKS,True,Good
20140113_040104,18.9922,-66.8685,30.9,6.3,SKS,True,Good
20140218_092714,14.596,-58.9719,28.3,6.5,SKS,True,Fair
20140515_081636,6.3995,144.9597,16.7,6.3,SKS,True,Good
20150227_134505,-7.358,122.4906,559.1,7.0,SKS,True,Fair
20130209_141606,1.0345,-77.462,144.2,7.0,SKS,True,Fair
20130707_183531,-4.0134,153.9277,387.1,7.3,SKS,True,Fair
20140412_201438,-11.2581,162.1387,15.3,7.6,SKS,True,Good
20160614_134922,-18.7609,168.8279,111.0,6.2,SKS,True,Fair
20131016_103100,-6.4787,154.9648,58.0,6.8,SKS,True,Fair
20140501_063636,-21.4381,170.3099,116.4,6.6,SKS,True,Fair
20130406_044236,-3.4714,138.4743,69.4,7.0,SKS,True,Fair
20130901_115232,-7.5393,128.2569,135.2,6.5,SKS,True,Fair
20140113_040104,18.9922,-66.8685,30.9,6.3,SKS,True,Fair
20140218_092714,14.596,-58.9719,28.3,6.5,SKS,True,Fair
20140515_081636,6.3995,144.9597,16.7,6.3,SKS,False,Fair
20130707_183531,-4.0134,153.9277,387.1,7.3,SKS,True,Fair
20140412_201438,-11.2581,162.1387,15.3,7.6,SKS,True,Fair
20150507_071023,-7.3019,154.5554,30.4,7.0,SKS,True,Fair
20110620_163600,-21.771,-68.3834,126.2,6.5,SKS,False,Fair
20110715_132602,-60.9862,-23.6628,8.6,6.1,SKS,True,Good
20110731_233858,-3.5147,144.9654,19.6,6.6,SKS,True,Fair
20110824_174611,-7.6203,-74.538,149.3,7.0,SKS,False,Fair
20110903_044858,-56.5611,-26.9231,96.3,6.4,SKS,True,Good
20111014_033515,-6.6259,147.9311,43.2,6.5,SKS,True,Fair
20111028_185434,-14.5572,-76.1207,29.0,7.0,SKS,False,Fair
20111117_015704,-1.7479,-81.7057,19.6,6.0,SKS,True,Fair
20120514_100039,-17.7968,-69.7926,108.7,6.3,SKS,True,Fair
20130707_203007,-6.036,149.7262,65.9,6.6,SKS,True,Fair
20110830_065741,-6.3592,126.7502,467.2,6.9,SKS,False,Fair
20111114_040512,-0.953,126.8799,24.4,6.4,SKS,True,Fair
20130406_044236,-3.4714,138.4743,69.4,7.0,SKS,True,Fair
20130514_003226,18.7672,145.2903,611.7,6.8,SKS,True,Fair
20110824_174611,-7.6203,-74.538,149.3,7.0,SKS,False,Fair
20111028_185434,-14.5572,-76.1207,29.0,7.0,SKS,True,Fair
20130707_183531,-4.0134,153.9277,387.1,7.3,SKS,True,Fair
20101123_090107,-6.0155,148.978,73.0,6.1,SKS,True,Fair
20101208_052435,-56.4318,-25.64,29.0,6.3,SKS,True,Fair
20110101_095658,-26.8513,-63.2373,584.3,7.0,SKS,True,Fair
20110109_100343,-19.2745,168.3791,20.7,6.5,SKS,True,Good
20110225_130726,17.8214,-95.1708,130.6,6.0,SKS,True,Fair
20110306_123158,-18.2064,-69.5006,114.5,6.3,SKS,True,Fair
20110306_143236,-56.3864,-27.0253,92.0,6.5,SKS,True,Good
20110306_143242,-56.41,-26.68,101.2,6.5,SKS,True,Good
20110309_212452,-6.1161,149.7939,51.0,6.3,SKS,True,Fair
20110407_131123,17.2651,-94.1439,165.1,6.7,SKS,True,Fair
20110620_163600,-21.771,-68.3834,126.2,6.5,SKS,True,Good
20110715_132602,-60.9862,-23.6628,8.6,6.1,SKS,True,Good
20110824_174611,-7.6203,-74.538,149.3,7.0,SKS,True,Good
20110903_044858,-56.5611,-26.9231,96.3,6.4,SKS,True,Fair
20111014_033515,-6.6259,147.9311,43.2,6.5,SKS,True,Good
20111028_185434,-14.5572,-76.1207,29.0,7.0,SKS,True,Fair
20111117_015704,-1.7479,-81.7057,19.6,6.0,SKS,True,Fair
20111122_184816,-15.3083,-65.1634,560.3,6.6,SKS,False,Fair
20111128_122647,-5.5101,153.801,43.2,6.1,SKS,True,Fair
20110909_194133,49.3886,-127.0648,15.4,6.5,SKS,True,Good
20111114_040512,-0.953,126.8799,24.4,6.4,SKS,False,Fair
20110101_095658,-26.8513,-63.2373,584.3,7.0,SKS,True,Fair
20110824_174611,-7.6203,-74.538,149.3,7.0,SKS,True,Good
20110915_193103,-21.593,-179.324,629.0,7.3,SKS,True,Good
20111028_185434,-14.5572,-76.1207,29.0,7.0,SKS,True,Fair
20111214_050457,-7.5278,146.814,128.5,7.1,SKS,True,Fair
20101208_052435,-56.4318,-25.64,29.0,6.3,SKS,True,Fair
20110207_195342,-7.0927,155.3183,414.8,6.5,SKS,True,Fair
20110212_175756,-20.8515,-175.5845,85.9,6.1,SKS,True,Fair
20110306_123158,-18.2064,-69.5006,114.5,6.3,SKS,True,Fair
20110306_143236,-56.3864,-27.0253,92.0,6.5,SKS,True,Fair
20110306_143242,-56.41,-26.68,101.2,6.5,SKS,True,Fair
20110407_131123,17.2651,-94.1439,165.1,6.7,SKS,True,Good
20110515_183710,-6.066,154.4323,46.9,6.5,SKS,True,Fair
20110620_163600,-21.771,-68.3834,126.2,6.5,SKS,False,Good
20110715_132602,-60.9862,-23.6628,8.6,6.1,SKS,True,Fair
20110824_174611,-7.6203,-74.538,149.3,7.0,SKS,True,Fair
20110903_044858,-56.5611,-26.9231,96.3,6.4,SKS,True,Fair
20111014_033515,-6.6259,147.9311,43.2,6.5,SKS,True,Good
20111122_184816,-15.3083,-65.1634,560.3,6.6,SKS,True,Fair
20120121_184713,14.933,-93.1422,63.5,6.2,SKS,True,Fair
20120402_173642,16.3729,-98.4615,16.3,6.1,SKS,True,Fair
20120417_071349,-5.5336,147.125,208.2,6.9,SKS,True,Fair
20120528_050723,-28.021,-63.1134,591.1,6.7,SKS,True,Fair
20101215_112930,-7.2664,128.7939,140.4,6.0,SKS,True,Fair
20110830_065741,-6.3592,126.7502,467.2,6.9,SKS,True,Fair
20120411_224146,43.5513,-127.629,16.4,6.0,SKS,True,Good
20110824_174611,-7.6203,-74.538,149.3,7.0,SKS,True,Fair
20111028_185434,-14.5572,-76.1207,29.0,7.0,SKS,True,Fair
20111214_050457,-7.5278,146.814,128.5,7.1,SKS,True,Fair
